fridgeTemp,bpm,temp,sg,count,temp_target,roomTemp,gravity_target,hysteresis,device_integration,percentage,report_source,type,pour_volume,battery,device_state,comment,volume_unit,time,rssi,device_source,beer,max_volume,ph,pressure,id,volume,angle,__acc_reading_doc_id,__acc_reading_data_id,timepoint
,,1.4,1.01,,,,,,default,,,stream,,,,,,1742135937204,,,,,,,KOMORA,,,JJmij8Zf0FWxxx6inWOhvzOkeLV4KI$0$stream$KOMORA$0,oMsDIkRz0PnpIHIFrjaA,2025-03-16T14:38:57.204Z
,,-0.3,1.011,,,,,,default,,,stream,,,,,,1742132336741,,,,,,,KOMORA,,,JJmij8Zf0FWxxx6inWOhvzOkeLV4KI$0$stream$KOMORA$0,etz3D8a2Xw22dEXJUyyd,2025-03-16T13:38:56.741Z
,,-0.2,1.01,,,,,,default,,,stream,,,,,,1742128735549,,,,,,,KOMORA,,,JJmij8Zf0FWxxx6inWOhvzOkeLV4KI$0$stream$KOMORA$0,5B44KBM5zN1VSgcTuYk8,2025-03-16T12:38:55.549Z
,,0.1,1.01,,,,,,default,,,stream,,,,,,1742125135004,,,,,,,KOMORA,,,JJmij8Zf0FWxxx6inWOhvzOkeLV4KI$0$stream$KOMORA$0,9GJ0AdvMtnGGZEV4LZ7u,2025-03-16T11:38:55.004Z
,,0.4,1.011,,,,,,default,,,stream,,,,,,1742121535493,,,,,,,KOMORA,,,JJmij8Zf0FWxxx6inWOhvzOkeLV4KI$0$stream$KOMORA$0,sNmncgrKwPUyiZI0XqhJ,2025-03-16T10:38:55.493Z
,,-0.2,1.01,,,,,,default,,,stream,,,,,,1742117938549,,,,,,,KOMORA,,,JJmij8Zf0FWxxx6inWOhvzOkeLV4KI$0$stream$KOMORA$0,3xva4OJF061UKM3NeoWl,2025-03-16T09:38:58.549Z
,,0,1.01,,,,,,default,,,stream,,,,,,1742114335466,,,,,,,KOMORA,,,JJmij8Zf0FWxxx6inWOhvzOkeLV4KI$0$stream$KOMORA$0,MrRRvi9RdmNpQbeKBOVj,2025-03-16T08:38:55.466Z
,,-0.3,1.01,,,,,,default,,,stream,,,,,,1742110730497,,,,,,,KOMORA,,,JJmij8Zf0FWxxx6inWOhvzOkeLV4KI$0$stream$KOMORA$0,jGBpHlB6nf5XDkpuvx9H,2025-03-16T07:38:50.497Z
,,-0.2,1.01,,,,,,default,,,stream,,,,,,1742107130618,,,,,,,KOMORA,,,JJmij8Zf0FWxxx6inWOhvzOkeLV4KI$0$stream$KOMORA$0,CY4I1SbM5C5QY8WS1Dkk,2025-03-16T06:38:50.618Z
,,0.2,1.01,,,,,,default,,,stream,,,,,,1742103529863,,,,,,,KOMORA,,,JJmij8Zf0FWxxx6inWOhvzOkeLV4KI$0$stream$KOMORA$0,rTriMPkCdB0P2ZAQGuyU,2025-03-16T05:38:49.863Z
,,-0.1,1.01,,,,,,default,,,stream,,,,,,1742099930612,,,,,,,KOMORA,,,JJmij8Zf0FWxxx6inWOhvzOkeLV4KI$0$stream$KOMORA$0,WCvjcjxQlj5YrhBx37MH,2025-03-16T04:38:50.612Z
,,-0.3,1.01,,,,,,default,,,stream,,,,,,1742096334242,,,,,,,KOMORA,,,JJmij8Zf0FWxxx6inWOhvzOkeLV4KI$0$stream$KOMORA$0,zXJiZKhyCzRC6cmirgpP,2025-03-16T03:38:54.242Z
,,-0.2,1.01,,,,,,default,,,stream,,,,,,1742092732111,,,,,,,KOMORA,,,JJmij8Zf0FWxxx6inWOhvzOkeLV4KI$0$stream$KOMORA$0,4KIMfwTDyAlZaEAc8KH1,2025-03-16T02:38:52.111Z
,,0.1,1.01,,,,,,default,,,stream,,,,,,1742089131805,,,,,,,KOMORA,,,JJmij8Zf0FWxxx6inWOhvzOkeLV4KI$0$stream$KOMORA$0,KEPFdHX8AEffgWnvPUpY,2025-03-16T01:38:51.805Z
,,-0.2,1.01,,,,,,default,,,stream,,,,,,1742085531848,,,,,,,KOMORA,,,JJmij8Zf0FWxxx6inWOhvzOkeLV4KI$0$stream$KOMORA$0,08dgBDfBrblMWymHTPaT,2025-03-16T00:38:51.848Z
,,-0.3,1.01,,,,,,default,,,stream,,,,,,1742081931317,,,,,,,KOMORA,,,JJmij8Zf0FWxxx6inWOhvzOkeLV4KI$0$stream$KOMORA$0,WdbxwtOPeLvBsRDryYyt,2025-03-15T23:38:51.317Z
,,-0.1,1.01,,,,,,default,,,stream,,,,,,1742078330897,,,,,,,KOMORA,,,JJmij8Zf0FWxxx6inWOhvzOkeLV4KI$0$stream$KOMORA$0,k25wWQhyHsPbKVYyvDIa,2025-03-15T22:38:50.897Z
,,0.1,1.01,,,,,,default,,,stream,,,,,,1742074730734,,,,,,,KOMORA,,,JJmij8Zf0FWxxx6inWOhvzOkeLV4KI$0$stream$KOMORA$0,s9ChCxMBgvc0fK6Udxxm,2025-03-15T21:38:50.734Z
,,-0.2,1.01,,,,,,default,,,stream,,,,,,1742071130398,,,,,,,KOMORA,,,JJmij8Zf0FWxxx6inWOhvzOkeLV4KI$0$stream$KOMORA$0,A1hvQhDT8xdK2dENItzn,2025-03-15T20:38:50.398Z
,,-0.1,1.01,,,,,,default,,,stream,,,,,,1742067530540,,,,,,,KOMORA,,,JJmij8Zf0FWxxx6inWOhvzOkeLV4KI$0$stream$KOMORA$0,qoQKZoSZ5phDUzvLunmx,2025-03-15T19:38:50.540Z
,,0.1,1.01,,,,,,default,,,stream,,,,,,1742063929251,,,,,,,KOMORA,,,JJmij8Zf0FWxxx6inWOhvzOkeLV4KI$0$stream$KOMORA$0,fmrWzeE65T5cpd0LipVw,2025-03-15T18:38:49.251Z
,,-0.3,1.01,,,,,,default,,,stream,,,,,,1742060329142,,,,,,,KOMORA,,,JJmij8Zf0FWxxx6inWOhvzOkeLV4KI$0$stream$KOMORA$0,j9q9Ul1VJJjQ5CO7CrJ7,2025-03-15T17:38:49.142Z
,,-0.2,1.01,,,,,,default,,,stream,,,,,,1742056729017,,,,,,,KOMORA,,,JJmij8Zf0FWxxx6inWOhvzOkeLV4KI$0$stream$KOMORA$0,EwmbYlB5St08mq5Z4I0r,2025-03-15T16:38:49.017Z
,,-0.2,1.01,,,,,,default,,,stream,,,,,,1742053128219,,,,,,,KOMORA,,,JJmij8Zf0FWxxx6inWOhvzOkeLV4KI$0$stream$KOMORA$0,iFgAZZIBm9JYxDOBrFOo,2025-03-15T15:38:48.219Z
,,0.1,1.01,,,,,,default,,,stream,,,,,,1742049526167,,,,,,,KOMORA,,,JJmij8Zf0FWxxx6inWOhvzOkeLV4KI$0$stream$KOMORA$0,gv8Q06wddwuC5cwicG3K,2025-03-15T14:38:46.167Z
,,-0.2,1.01,,,,,,default,,,stream,,,,,,1742045926262,,,,,,,KOMORA,,,JJmij8Zf0FWxxx6inWOhvzOkeLV4KI$0$stream$KOMORA$0,4Xikkf44R2nIQfNGNvGz,2025-03-15T13:38:46.262Z
,,-0.2,1.01,,,,,,default,,,stream,,,,,,1742042326967,,,,,,,KOMORA,,,JJmij8Zf0FWxxx6inWOhvzOkeLV4KI$0$stream$KOMORA$0,frRJzbI0JQMDhj3dZNCZ,2025-03-15T12:38:46.967Z
,,0.1,1.01,,,,,,default,,,stream,,,,,,1742038725666,,,,,,,KOMORA,,,JJmij8Zf0FWxxx6inWOhvzOkeLV4KI$0$stream$KOMORA$0,VX68CZeWAPbSEAXwnB0R,2025-03-15T11:38:45.666Z
,,0,1.01,,,,,,default,,,stream,,,,,,1742035125120,,,,,,,KOMORA,,,JJmij8Zf0FWxxx6inWOhvzOkeLV4KI$0$stream$KOMORA$0,0wTlz6zwC4O6QQvEfKaB,2025-03-15T10:38:45.120Z
,,-0.2,1.01,,,,,,default,,,stream,,,,,,1742031525229,,,,,,,KOMORA,,,JJmij8Zf0FWxxx6inWOhvzOkeLV4KI$0$stream$KOMORA$0,8FvDhvOyDQOy3bSE0W74,2025-03-15T09:38:45.229Z
,,-0.1,1.01,,,,,,default,,,stream,,,,,,1742027925232,,,,,,,KOMORA,,,JJmij8Zf0FWxxx6inWOhvzOkeLV4KI$0$stream$KOMORA$0,Jc0XU0IyjWQjIw0x6vzS,2025-03-15T08:38:45.232Z
,,0.1,1.01,,,,,,default,,,stream,,,,,,1742024324887,,,,,,,KOMORA,,,JJmij8Zf0FWxxx6inWOhvzOkeLV4KI$0$stream$KOMORA$0,6r9YeddtbWSSDfEjq9S5,2025-03-15T07:38:44.887Z
,,-0.3,1.01,,,,,,default,,,stream,,,,,,1742020724489,,,,,,,KOMORA,,,JJmij8Zf0FWxxx6inWOhvzOkeLV4KI$0$stream$KOMORA$0,YYZPTHMUFuAynSM4luqg,2025-03-15T06:38:44.489Z
,,-0.2,1.01,,,,,,default,,,stream,,,,,,1742017124514,,,,,,,KOMORA,,,JJmij8Zf0FWxxx6inWOhvzOkeLV4KI$0$stream$KOMORA$0,p0rIxCwA6WHoy6qWL8Ey,2025-03-15T05:38:44.514Z
,,0,1.01,,,,,,default,,,stream,,,,,,1742013525761,,,,,,,KOMORA,,,JJmij8Zf0FWxxx6inWOhvzOkeLV4KI$0$stream$KOMORA$0,KYHNs2YkqUKeeYkyl8uP,2025-03-15T04:38:45.761Z
,,0.8,1.01,,,,,,default,,,stream,,,,,,1742009925220,,,,,,,KOMORA,,,JJmij8Zf0FWxxx6inWOhvzOkeLV4KI$0$stream$KOMORA$0,JNKJBEUPBCbgvbdNQJPk,2025-03-15T03:38:45.220Z
,,-0.1,1.01,,,,,,default,,,stream,,,,,,1742006327886,,,,,,,KOMORA,,,JJmij8Zf0FWxxx6inWOhvzOkeLV4KI$0$stream$KOMORA$0,9odVmlbCI6UC444Y5p94,2025-03-15T02:38:47.886Z
,,0.4,1.01,,,,,,default,,,stream,,,,,,1742002727027,,,,,,,KOMORA,,,JJmij8Zf0FWxxx6inWOhvzOkeLV4KI$0$stream$KOMORA$0,wov8vOfjfRj1VSZQzMdL,2025-03-15T01:38:47.027Z
,,-0.2,1.01,,,,,,default,,,stream,,,,,,1741999126560,,,,,,,KOMORA,,,JJmij8Zf0FWxxx6inWOhvzOkeLV4KI$0$stream$KOMORA$0,kqvrPdgZiweCDaD6GoWG,2025-03-15T00:38:46.560Z
,,0,1.01,,,,,,default,,,stream,,,,,,1741995524984,,,,,,,KOMORA,,,JJmij8Zf0FWxxx6inWOhvzOkeLV4KI$0$stream$KOMORA$0,yr6tlsdQo6FNU6FYMRko,2025-03-14T23:38:44.984Z
,,0.2,1.01,,,,,,default,,,stream,,,,,,1741991924914,,,,,,,KOMORA,,,JJmij8Zf0FWxxx6inWOhvzOkeLV4KI$0$stream$KOMORA$0,L21Aa4b7Kuo4yh1bd29W,2025-03-14T22:38:44.914Z
,,0.8,1.01,,,,,,default,,,stream,,,,,,1741988325354,,,,,,,KOMORA,,,JJmij8Zf0FWxxx6inWOhvzOkeLV4KI$0$stream$KOMORA$0,ZuGNGeNVSqm4SQyoyUOf,2025-03-14T21:38:45.354Z
,,1,1.01,,,,,,default,,,stream,,,,,,1741984725581,,,,,,,KOMORA,,,JJmij8Zf0FWxxx6inWOhvzOkeLV4KI$0$stream$KOMORA$0,nSZklnbNkoJC6SxGflFc,2025-03-14T20:38:45.581Z
,,1.2,1.01,,,,,,default,,,stream,,,,,,1741981123092,,,,,,,KOMORA,,,JJmij8Zf0FWxxx6inWOhvzOkeLV4KI$0$stream$KOMORA$0,ySnzlPsrFY9ZZfQVU1f0,2025-03-14T19:38:43.092Z
,,1.6,1.01,,,,,,default,,,stream,,,,,,1741977521926,,,,,,,KOMORA,,,JJmij8Zf0FWxxx6inWOhvzOkeLV4KI$0$stream$KOMORA$0,NsmAs8NXx2L6yPgZvTlw,2025-03-14T18:38:41.926Z
,,1.8,1.009,,,,,,default,,,stream,,,,,,1741973921291,,,,,,,KOMORA,,,JJmij8Zf0FWxxx6inWOhvzOkeLV4KI$0$stream$KOMORA$0,sW19qZLfw5G340RB5Yti,2025-03-14T17:38:41.291Z
,,1.6,1.01,,,,,,default,,,stream,,,,,,1741970321306,,,,,,,KOMORA,,,JJmij8Zf0FWxxx6inWOhvzOkeLV4KI$0$stream$KOMORA$0,vosNwnrwwyrWYToiwx3v,2025-03-14T16:38:41.306Z
,,0.2,1.011,,,,,,default,,,stream,,,,,,1741966720669,,,,,,,KOMORA,,,JJmij8Zf0FWxxx6inWOhvzOkeLV4KI$0$stream$KOMORA$0,NNsCliTStzrwgCzkEmWj,2025-03-14T15:38:40.669Z
,,0,1.011,,,,,,default,,,stream,,,,,,1741963121218,,,,,,,KOMORA,,,JJmij8Zf0FWxxx6inWOhvzOkeLV4KI$0$stream$KOMORA$0,OENDWN6s2fQc1eAIsvzt,2025-03-14T14:38:41.218Z
,,-0.3,1.011,,,,,,default,,,stream,,,,,,1741959521575,,,,,,,KOMORA,,,JJmij8Zf0FWxxx6inWOhvzOkeLV4KI$0$stream$KOMORA$0,b6GvdpxUa6chyi5JMUB6,2025-03-14T13:38:41.575Z
,,-0.2,1.011,,,,,,default,,,stream,,,,,,1741955921601,,,,,,,KOMORA,,,JJmij8Zf0FWxxx6inWOhvzOkeLV4KI$0$stream$KOMORA$0,FcJNFN2soCCEik1rfnmR,2025-03-14T12:38:41.601Z
,,-0.1,1.011,,,,,,default,,,stream,,,,,,1741952321261,,,,,,,KOMORA,,,JJmij8Zf0FWxxx6inWOhvzOkeLV4KI$0$stream$KOMORA$0,gjlVSbgvEs1IbwMfV2IM,2025-03-14T11:38:41.261Z
,,0.2,1.011,,,,,,default,,,stream,,,,,,1741948720750,,,,,,,KOMORA,,,JJmij8Zf0FWxxx6inWOhvzOkeLV4KI$0$stream$KOMORA$0,2Wg7sWnbNTU8QDD5Gp3m,2025-03-14T10:38:40.750Z
,,0.8,1.01,,,,,,default,,,stream,,,,,,1741945121578,,,,,,,KOMORA,,,JJmij8Zf0FWxxx6inWOhvzOkeLV4KI$0$stream$KOMORA$0,uvwxl00NYr9KzuD8Kem3,2025-03-14T09:38:41.578Z
,,1,1.01,,,,,,default,,,stream,,,,,,1741941523024,,,,,,,KOMORA,,,JJmij8Zf0FWxxx6inWOhvzOkeLV4KI$0$stream$KOMORA$0,QnjKZUldQyS1pt0tEjW4,2025-03-14T08:38:43.024Z
,,0,1.011,,,,,,default,,,stream,,,,,,1741937922787,,,,,,,KOMORA,,,JJmij8Zf0FWxxx6inWOhvzOkeLV4KI$0$stream$KOMORA$0,onbvuayuW22aqNyBrXSN,2025-03-14T07:38:42.787Z
,,-0.3,1.011,,,,,,default,,,stream,,,,,,1741934323700,,,,,,,KOMORA,,,JJmij8Zf0FWxxx6inWOhvzOkeLV4KI$0$stream$KOMORA$0,hJy1vBgMtolxjeB0O5lG,2025-03-14T06:38:43.700Z
,,-0.3,1.011,,,,,,default,,,stream,,,,,,1741930723175,,,,,,,KOMORA,,,JJmij8Zf0FWxxx6inWOhvzOkeLV4KI$0$stream$KOMORA$0,3qnoeE25yoU1YHtvyGIE,2025-03-14T05:38:43.175Z
,,-0.1,1.011,,,,,,default,,,stream,,,,,,1741927123064,,,,,,,KOMORA,,,JJmij8Zf0FWxxx6inWOhvzOkeLV4KI$0$stream$KOMORA$0,kUZkU9JItBGeohsXm9YR,2025-03-14T04:38:43.064Z
,,0.2,1.011,,,,,,default,,,stream,,,,,,1741923523649,,,,,,,KOMORA,,,JJmij8Zf0FWxxx6inWOhvzOkeLV4KI$0$stream$KOMORA$0,XgQIKINThYzsVAIxyb8g,2025-03-14T03:38:43.649Z
,,0.3,1.01,,,,,,default,,,stream,,,,,,1741919921974,,,,,,,KOMORA,,,JJmij8Zf0FWxxx6inWOhvzOkeLV4KI$0$stream$KOMORA$0,ugQOA5xQkqssYrntlWw0,2025-03-14T02:38:41.974Z
,,0.8,1.01,,,,,,default,,,stream,,,,,,1741916322157,,,,,,,KOMORA,,,JJmij8Zf0FWxxx6inWOhvzOkeLV4KI$0$stream$KOMORA$0,uR90xd2cK4WjGRmQayPW,2025-03-14T01:38:42.157Z
,,1,1.01,,,,,,default,,,stream,,,,,,1741912722105,,,,,,,KOMORA,,,JJmij8Zf0FWxxx6inWOhvzOkeLV4KI$0$stream$KOMORA$0,NBEKNkgkVySqasZnlfz7,2025-03-14T00:38:42.105Z
,,1.2,1.01,,,,,,default,,,stream,,,,,,1741909119589,,,,,,,KOMORA,,,JJmij8Zf0FWxxx6inWOhvzOkeLV4KI$0$stream$KOMORA$0,Lpd4gMN9vXAH14merzrL,2025-03-13T23:38:39.589Z
,,1.5,1.01,,,,,,default,,,stream,,,,,,1741905517121,,,,,,,KOMORA,,,JJmij8Zf0FWxxx6inWOhvzOkeLV4KI$0$stream$KOMORA$0,zjKoDoteWsbVDEhGWtYO,2025-03-13T22:38:37.121Z
,,1.7,1.01,,,,,,default,,,stream,,,,,,1741901918106,,,,,,,KOMORA,,,JJmij8Zf0FWxxx6inWOhvzOkeLV4KI$0$stream$KOMORA$0,hdFMSZm9g6KllRcb8oKF,2025-03-13T21:38:38.106Z
,,1.7,1.01,,,,,,default,,,stream,,,,,,1741901021630,,,,,,,KOMORA,,,JJmij8Zf0FWxxx6inWOhvzOkeLV4KI$0$stream$KOMORA$0,ayn64DLnYfuqZ6hH3hH9,2025-03-13T21:23:41.630Z
,,1.8,1.01,,,,,,default,,,stream,,,,,,1741900119713,,,,,,,KOMORA,,,JJmij8Zf0FWxxx6inWOhvzOkeLV4KI$0$stream$KOMORA$0,EcOeg4N0M51fyfiWf6Hw,2025-03-13T21:08:39.713Z
,,1.9,1.01,,,,,,default,,,stream,,,,,,1741899218396,,,,,,,KOMORA,,,JJmij8Zf0FWxxx6inWOhvzOkeLV4KI$0$stream$KOMORA$0,vEibOtgW44BzKiggrFJA,2025-03-13T20:53:38.396Z
,,1.9,1.01,,,,,,default,,,stream,,,,,,1741898320199,,,,,,,KOMORA,,,JJmij8Zf0FWxxx6inWOhvzOkeLV4KI$0$stream$KOMORA$0,uaFKDkapeF0wxzNTgBng,2025-03-13T20:38:40.199Z
,,1.9,1.01,,,,,,default,,,stream,,,,,,1741897421632,,,,,,,KOMORA,,,JJmij8Zf0FWxxx6inWOhvzOkeLV4KI$0$stream$KOMORA$0,vZ5Rl6rhZRiakVdc7DVq,2025-03-13T20:23:41.632Z
,,2,1.01,,,,,,default,,,stream,,,,,,1741896520606,,,,,,,KOMORA,,,JJmij8Zf0FWxxx6inWOhvzOkeLV4KI$0$stream$KOMORA$0,AbiWQ1gE2TKWQGMvJIVb,2025-03-13T20:08:40.606Z
,,2,1.01,,,,,,default,,,stream,,,,,,1741895618063,,,,,,,KOMORA,,,JJmij8Zf0FWxxx6inWOhvzOkeLV4KI$0$stream$KOMORA$0,3vNIHlg0rEVioaLEPQKB,2025-03-13T19:53:38.063Z
,,16.8,,,,,,,default,,,stream,,,,,,1741894760312,,,,,,,KOMORA,,,JJmij8Zf0FWxxx6inWOhvzOkeLV4KI$0$stream$KOMORA$0,BW59IGs2tK8CpannvRs4,2025-03-13T19:39:20.312Z
,,2.2,1.01,,,,,,default,,,stream,,,,,,1741891982988,,,,,,,KOMORA,,,JJmij8Zf0FWxxx6inWOhvzOkeLV4KI$0$stream$KOMORA$0,7EpuKwjcGNAynkkvc9G3,2025-03-13T18:53:02.988Z
,,2.4,1.01,,,,,,default,,,stream,,,,,,1741888382873,,,,,,,KOMORA,,,JJmij8Zf0FWxxx6inWOhvzOkeLV4KI$0$stream$KOMORA$0,7ktaMKdnKd8kvJiLMGFL,2025-03-13T17:53:02.873Z
,,2.6,1.01,,,,,,default,,,stream,,,,,,1741884783495,,,,,,,KOMORA,,,JJmij8Zf0FWxxx6inWOhvzOkeLV4KI$0$stream$KOMORA$0,bvsRWD0soWLVTkBL83Xd,2025-03-13T16:53:03.495Z
,,5.1,1.009,,,,,,default,,,stream,,,,,,1741880764838,,,,,,,KOMORA,,,JJmij8Zf0FWxxx6inWOhvzOkeLV4KI$0$stream$KOMORA$0,TaYmUU0EPz69lbZfzgTb,2025-03-13T15:46:04.838Z
,,5.3,1.009,,,,,,default,,,stream,,,,,,1741848774948,,,,,,,KOMORA,,,JJmij8Zf0FWxxx6inWOhvzOkeLV4KI$0$stream$KOMORA$0,BROVT4uU6pDUxxQjRd5q,2025-03-13T06:52:54.948Z
,,5.3,1.009,,,,,,default,,,stream,,,,,,1741845174742,,,,,,,KOMORA,,,JJmij8Zf0FWxxx6inWOhvzOkeLV4KI$0$stream$KOMORA$0,7t0YoqJXURoqkzcKnCUf,2025-03-13T05:52:54.742Z
,,4.9,1.009,,,,,,default,,,stream,,,,,,1741841574814,,,,,,,KOMORA,,,JJmij8Zf0FWxxx6inWOhvzOkeLV4KI$0$stream$KOMORA$0,QQbooBDQx3pLVM0aZvGz,2025-03-13T04:52:54.814Z
,,4.9,1.009,,,,,,default,,,stream,,,,,,1741837974332,,,,,,,KOMORA,,,JJmij8Zf0FWxxx6inWOhvzOkeLV4KI$0$stream$KOMORA$0,9tblWraY3vxTMbMZ4aKf,2025-03-13T03:52:54.332Z
,,4.7,1.009,,,,,,default,,,stream,,,,,,1741834373828,,,,,,,KOMORA,,,JJmij8Zf0FWxxx6inWOhvzOkeLV4KI$0$stream$KOMORA$0,BtH0hEKZYW5k5URQ8zF3,2025-03-13T02:52:53.828Z
,,5,1.009,,,,,,default,,,stream,,,,,,1741830771946,,,,,,,KOMORA,,,JJmij8Zf0FWxxx6inWOhvzOkeLV4KI$0$stream$KOMORA$0,r9j4HmfrtQaVo6v7obzp,2025-03-13T01:52:51.946Z
,,5.3,1.009,,,,,,default,,,stream,,,,,,1741827172208,,,,,,,KOMORA,,,JJmij8Zf0FWxxx6inWOhvzOkeLV4KI$0$stream$KOMORA$0,t9dnWK4jjA5qFPq2OSxR,2025-03-13T00:52:52.208Z
,,6.1,1.009,,,,,,default,,,stream,,,,,,1741823573297,,,,,,,KOMORA,,,JJmij8Zf0FWxxx6inWOhvzOkeLV4KI$0$stream$KOMORA$0,PZ9Gy58SzbTUTjUU1sOy,2025-03-12T23:52:53.297Z
,,6.4,1.009,,,,,,default,,,stream,,,,,,1741819973012,,,,,,,KOMORA,,,JJmij8Zf0FWxxx6inWOhvzOkeLV4KI$0$stream$KOMORA$0,fOd19aHFVsqaEGzZX4uh,2025-03-12T22:52:53.012Z
,,6.8,1.009,,,,,,default,,,stream,,,,,,1741816371811,,,,,,,KOMORA,,,JJmij8Zf0FWxxx6inWOhvzOkeLV4KI$0$stream$KOMORA$0,RjO7cxZJHJKuzhDcyCUx,2025-03-12T21:52:51.811Z
,,7.3,1.009,,,,,,default,,,stream,,,,,,1741812771647,,,,,,,KOMORA,,,JJmij8Zf0FWxxx6inWOhvzOkeLV4KI$0$stream$KOMORA$0,CjS3kfBD1Fq5lFR2zrvN,2025-03-12T20:52:51.647Z
,,7.7,1.009,,,,,,default,,,stream,,,,,,1741809171760,,,,,,,KOMORA,,,JJmij8Zf0FWxxx6inWOhvzOkeLV4KI$0$stream$KOMORA$0,UeUTWwis7kpp8zpXDXvp,2025-03-12T19:52:51.760Z
,,8.1,1.009,,,,,,default,,,stream,,,,,,1741805572003,,,,,,,KOMORA,,,JJmij8Zf0FWxxx6inWOhvzOkeLV4KI$0$stream$KOMORA$0,CAe5bHbJUeVYkaA17oWJ,2025-03-12T18:52:52.003Z
,,8,1.009,,,,,,default,,,stream,,,,,,1741801971250,,,,,,,KOMORA,,,JJmij8Zf0FWxxx6inWOhvzOkeLV4KI$0$stream$KOMORA$0,jqBSUiFyntdqldAnk869,2025-03-12T17:52:51.250Z
,,7.8,1.009,,,,,,default,,,stream,,,,,,1741798371802,,,,,,,KOMORA,,,JJmij8Zf0FWxxx6inWOhvzOkeLV4KI$0$stream$KOMORA$0,M767HGRok6DnYTPt8HqY,2025-03-12T16:52:51.802Z
,,8.4,1.009,,,,,,default,,,stream,,,,,,1741794771096,,,,,,,KOMORA,,,JJmij8Zf0FWxxx6inWOhvzOkeLV4KI$0$stream$KOMORA$0,Ll3l5pf0SBPaHe5jON35,2025-03-12T15:52:51.096Z
,,7.9,1.009,,,,,,default,,,stream,,,,,,1741791172428,,,,,,,KOMORA,,,JJmij8Zf0FWxxx6inWOhvzOkeLV4KI$0$stream$KOMORA$0,WCKqOzP6PiYp96i9jAMq,2025-03-12T14:52:52.428Z
,,7.9,1.009,,,,,,default,,,stream,,,,,,1741787569355,,,,,,,KOMORA,,,JJmij8Zf0FWxxx6inWOhvzOkeLV4KI$0$stream$KOMORA$0,JxqCUAI7kX6ivan1rL8b,2025-03-12T13:52:49.355Z
,,7.7,1.009,,,,,,default,,,stream,,,,,,1741783968523,,,,,,,KOMORA,,,JJmij8Zf0FWxxx6inWOhvzOkeLV4KI$0$stream$KOMORA$0,H9MNknv7vrCjbvz3Ppvz,2025-03-12T12:52:48.523Z
,,7.7,1.009,,,,,,default,,,stream,,,,,,1741780368978,,,,,,,KOMORA,,,JJmij8Zf0FWxxx6inWOhvzOkeLV4KI$0$stream$KOMORA$0,mtNr9ohMQXWELHYmjGc8,2025-03-12T11:52:48.978Z
,,8.2,1.009,,,,,,default,,,stream,,,,,,1741776769403,,,,,,,KOMORA,,,JJmij8Zf0FWxxx6inWOhvzOkeLV4KI$0$stream$KOMORA$0,ykwfMmj031Nk9agVP5SP,2025-03-12T10:52:49.403Z
,,9.2,1.009,,,,,,default,,,stream,,,,,,1741773171234,,,,,,,KOMORA,,,JJmij8Zf0FWxxx6inWOhvzOkeLV4KI$0$stream$KOMORA$0,d6htJmVjpa6wI6NmKTs3,2025-03-12T09:52:51.234Z
,,9.8,1.009,,,,,,default,,,stream,,,,,,1741769568430,,,,,,,KOMORA,,,JJmij8Zf0FWxxx6inWOhvzOkeLV4KI$0$stream$KOMORA$0,plDePusrGe0c42xrxJoB,2025-03-12T08:52:48.430Z
,,10.3,1.009,,,,,,default,,,stream,,,,,,1741765968436,,,,,,,KOMORA,,,JJmij8Zf0FWxxx6inWOhvzOkeLV4KI$0$stream$KOMORA$0,0RTAjZ1pGMelH0GFNHD4,2025-03-12T07:52:48.436Z
,,10.9,1.009,,,,,,default,,,stream,,,,,,1741762368030,,,,,,,KOMORA,,,JJmij8Zf0FWxxx6inWOhvzOkeLV4KI$0$stream$KOMORA$0,j2GhFsOm6MJoBArLBn3x,2025-03-12T06:52:48.030Z
,,11,1.009,,,,,,default,,,stream,,,,,,1741758767971,,,,,,,KOMORA,,,JJmij8Zf0FWxxx6inWOhvzOkeLV4KI$0$stream$KOMORA$0,UznkEv0Gqb5OUUhzhWvP,2025-03-12T05:52:47.971Z
,,11.4,1.009,,,,,,default,,,stream,,,,,,1741755166292,,,,,,,KOMORA,,,JJmij8Zf0FWxxx6inWOhvzOkeLV4KI$0$stream$KOMORA$0,3nZ4hSrgNSM8wTRyPVjy,2025-03-12T04:52:46.292Z
,,10.9,1.009,,,,,,default,,,stream,,,,,,1741751565791,,,,,,,KOMORA,,,JJmij8Zf0FWxxx6inWOhvzOkeLV4KI$0$stream$KOMORA$0,NFUYUHjUHLfyLUtWam6k,2025-03-12T03:52:45.791Z
,,10.8,1.009,,,,,,default,,,stream,,,,,,1741747965980,,,,,,,KOMORA,,,JJmij8Zf0FWxxx6inWOhvzOkeLV4KI$0$stream$KOMORA$0,ZASOPJveUuCdxU3GJlIa,2025-03-12T02:52:45.980Z
,,10.7,1.008,,,,,,default,,,stream,,,,,,1741744369239,,,,,,,KOMORA,,,JJmij8Zf0FWxxx6inWOhvzOkeLV4KI$0$stream$KOMORA$0,7e3xY50eredEqciS5vw4,2025-03-12T01:52:49.239Z
,,11.2,1.008,,,,,,default,,,stream,,,,,,1741740768911,,,,,,,KOMORA,,,JJmij8Zf0FWxxx6inWOhvzOkeLV4KI$0$stream$KOMORA$0,WmJ8X1H1233sadpx2IwA,2025-03-12T00:52:48.911Z
,,11.4,1.008,,,,,,default,,,stream,,,,,,1741737168358,,,,,,,KOMORA,,,JJmij8Zf0FWxxx6inWOhvzOkeLV4KI$0$stream$KOMORA$0,gNrK3LtrdjZ4k9CrG6nS,2025-03-11T23:52:48.358Z
,,10.8,1.009,,,,,,default,,,stream,,,,,,1741733567756,,,,,,,KOMORA,,,JJmij8Zf0FWxxx6inWOhvzOkeLV4KI$0$stream$KOMORA$0,wjfcX5L4KdjWI5GqXD5J,2025-03-11T22:52:47.756Z
,,12,1.008,,,,,,default,,,stream,,,,,,1741729966711,,,,,,,KOMORA,,,JJmij8Zf0FWxxx6inWOhvzOkeLV4KI$0$stream$KOMORA$0,XGMbM27K9WlNCAQTDV6E,2025-03-11T21:52:46.711Z
,,12.7,1.009,,,,,,default,,,stream,,,,,,1741726366820,,,,,,,KOMORA,,,JJmij8Zf0FWxxx6inWOhvzOkeLV4KI$0$stream$KOMORA$0,Ejze9nUpuiLYrmxJAGSX,2025-03-11T20:52:46.820Z
,,13.4,1.008,,,,,,default,,,stream,,,,,,1741722766762,,,,,,,KOMORA,,,JJmij8Zf0FWxxx6inWOhvzOkeLV4KI$0$stream$KOMORA$0,b12wpjTBMMwII9MaftnS,2025-03-11T19:52:46.762Z
,,14.1,1.008,,,,,,default,,,stream,,,,,,1741719166839,,,,,,,KOMORA,,,JJmij8Zf0FWxxx6inWOhvzOkeLV4KI$0$stream$KOMORA$0,b7vtv9Y4XltNS1nck4BP,2025-03-11T18:52:46.839Z
,,14,1.008,,,,,,default,,,stream,,,,,,1741715567337,,,,,,,KOMORA,,,JJmij8Zf0FWxxx6inWOhvzOkeLV4KI$0$stream$KOMORA$0,PaRJ6jPzZkYScyyVeoCp,2025-03-11T17:52:47.337Z
,,13.9,1.008,,,,,,default,,,stream,,,,,,1741711966675,,,,,,,KOMORA,,,JJmij8Zf0FWxxx6inWOhvzOkeLV4KI$0$stream$KOMORA$0,CMARRPP1Rr4BA2n7CV4K,2025-03-11T16:52:46.675Z
,,13.9,1.008,,,,,,default,,,stream,,,,,,1741708365632,,,,,,,KOMORA,,,JJmij8Zf0FWxxx6inWOhvzOkeLV4KI$0$stream$KOMORA$0,wLCRGvzMiRowZST8zcmc,2025-03-11T15:52:45.632Z
,,13.7,1.008,,,,,,default,,,stream,,,,,,1741704766043,,,,,,,KOMORA,,,JJmij8Zf0FWxxx6inWOhvzOkeLV4KI$0$stream$KOMORA$0,9kEEiU3TddykbAb2quoA,2025-03-11T14:52:46.043Z
,,14.4,1.008,,,,,,default,,,stream,,,,,,1741701163268,,,,,,,KOMORA,,,JJmij8Zf0FWxxx6inWOhvzOkeLV4KI$0$stream$KOMORA$0,fW0NW7HrswQa1fxC3s3f,2025-03-11T13:52:43.268Z
,,14.3,1.008,,,,,,default,,,stream,,,,,,1741697564970,,,,,,,KOMORA,,,JJmij8Zf0FWxxx6inWOhvzOkeLV4KI$0$stream$KOMORA$0,Cym293ZhwJLjTwVdCOlt,2025-03-11T12:52:44.970Z
,,14.3,1.008,,,,,,default,,,stream,,,,,,1741693962215,,,,,,,KOMORA,,,JJmij8Zf0FWxxx6inWOhvzOkeLV4KI$0$stream$KOMORA$0,DqRGPv3VlwE48jChG0TW,2025-03-11T11:52:42.215Z
,,14.3,1.008,,,,,,default,,,stream,,,,,,1741690362049,,,,,,,KOMORA,,,JJmij8Zf0FWxxx6inWOhvzOkeLV4KI$0$stream$KOMORA$0,4GdihYkcY4MWqToIRtnQ,2025-03-11T10:52:42.049Z
,,13.9,1.008,,,,,,default,,,stream,,,,,,1741686761191,,,,,,,KOMORA,,,JJmij8Zf0FWxxx6inWOhvzOkeLV4KI$0$stream$KOMORA$0,Yc0VTjObe7QReGNA5sQ9,2025-03-11T09:52:41.191Z
,,15.1,1.008,,,,,,default,,,stream,,,,,,1741683161747,,,,,,,KOMORA,,,JJmij8Zf0FWxxx6inWOhvzOkeLV4KI$0$stream$KOMORA$0,niBmJDlC3evQkQSctx5G,2025-03-11T08:52:41.747Z
,,15.8,1.008,,,,,,default,,,stream,,,,,,1741679561702,,,,,,,KOMORA,,,JJmij8Zf0FWxxx6inWOhvzOkeLV4KI$0$stream$KOMORA$0,tqupZQ64hVTll6vgE7zV,2025-03-11T07:52:41.702Z
,,16.6,1.008,,,,,,default,,,stream,,,,,,1741675961219,,,,,,,KOMORA,,,JJmij8Zf0FWxxx6inWOhvzOkeLV4KI$0$stream$KOMORA$0,2yxykcKg5N0ANKdWOLI8,2025-03-11T06:52:41.219Z
,,17.3,1.008,,,,,,default,,,stream,,,,,,1741672361068,,,,,,,KOMORA,,,JJmij8Zf0FWxxx6inWOhvzOkeLV4KI$0$stream$KOMORA$0,gK3qXzmz7jJvnwTFhvms,2025-03-11T05:52:41.068Z
,,17,1.008,,,,,,default,,,stream,,,,,,1741668760970,,,,,,,KOMORA,,,JJmij8Zf0FWxxx6inWOhvzOkeLV4KI$0$stream$KOMORA$0,sfhNVssUP8oV5jcU8xbk,2025-03-11T04:52:40.970Z
,,16.7,1.008,,,,,,default,,,stream,,,,,,1741665160875,,,,,,,KOMORA,,,JJmij8Zf0FWxxx6inWOhvzOkeLV4KI$0$stream$KOMORA$0,06aqaD03j8LCFEz8TbSs,2025-03-11T03:52:40.875Z
,,16.7,1.008,,,,,,default,,,stream,,,,,,1741661560421,,,,,,,KOMORA,,,JJmij8Zf0FWxxx6inWOhvzOkeLV4KI$0$stream$KOMORA$0,WZiIdqU6uy19FFSBJHnW,2025-03-11T02:52:40.421Z
,,16.7,1.008,,,,,,default,,,stream,,,,,,1741657964546,,,,,,,KOMORA,,,JJmij8Zf0FWxxx6inWOhvzOkeLV4KI$0$stream$KOMORA$0,C8lQcz1hAAWYP8BpLt0C,2025-03-11T01:52:44.546Z
,,17.1,1.008,,,,,,default,,,stream,,,,,,1741654364164,,,,,,,KOMORA,,,JJmij8Zf0FWxxx6inWOhvzOkeLV4KI$0$stream$KOMORA$0,1MD6NoysyzRw11YaPREC,2025-03-11T00:52:44.164Z
,,17,1.008,,,,,,default,,,stream,,,,,,1741650763181,,,,,,,KOMORA,,,JJmij8Zf0FWxxx6inWOhvzOkeLV4KI$0$stream$KOMORA$0,mHQ8zSlBhzGbLzAZBx7t,2025-03-10T23:52:43.181Z
,,17.1,1.008,,,,,,default,,,stream,,,,,,1741647162500,,,,,,,KOMORA,,,JJmij8Zf0FWxxx6inWOhvzOkeLV4KI$0$stream$KOMORA$0,ZGcxtLKHM9L6LZezCU1z,2025-03-10T22:52:42.500Z
,,16.8,1.008,,,,,,default,,,stream,,,,,,1741643562710,,,,,,,KOMORA,,,JJmij8Zf0FWxxx6inWOhvzOkeLV4KI$0$stream$KOMORA$0,J2tA1wJxEMdghwAbJCP5,2025-03-10T21:52:42.710Z
,,17.9,1.008,,,,,,default,,,stream,,,,,,1741639962441,,,,,,,KOMORA,,,JJmij8Zf0FWxxx6inWOhvzOkeLV4KI$0$stream$KOMORA$0,WZbCLF2Lutpj3OzMC946,2025-03-10T20:52:42.441Z
,,18.9,1.008,,,,,,default,,,stream,,,,,,1741636358299,,,,,,,KOMORA,,,JJmij8Zf0FWxxx6inWOhvzOkeLV4KI$0$stream$KOMORA$0,2ltJlfGKCOnYlq5xZ5p1,2025-03-10T19:52:38.299Z
,,19.7,1.008,,,,,,default,,,stream,,,,,,1741632758177,,,,,,,KOMORA,,,JJmij8Zf0FWxxx6inWOhvzOkeLV4KI$0$stream$KOMORA$0,zscZwGgD7oC6Rc2lWe7F,2025-03-10T18:52:38.177Z
,,20.4,1.008,,,,,,default,,,stream,,,,,,1741629157891,,,,,,,KOMORA,,,JJmij8Zf0FWxxx6inWOhvzOkeLV4KI$0$stream$KOMORA$0,4d2ypstwcOd7j0aZkYII,2025-03-10T17:52:37.891Z
,,19.7,1.008,,,,,,default,,,stream,,,,,,1741625557425,,,,,,,KOMORA,,,JJmij8Zf0FWxxx6inWOhvzOkeLV4KI$0$stream$KOMORA$0,QWuRP1WVtYUNuECfkiLS,2025-03-10T16:52:37.425Z
,,19.7,1.008,,,,,,default,,,stream,,,,,,1741621956776,,,,,,,KOMORA,,,JJmij8Zf0FWxxx6inWOhvzOkeLV4KI$0$stream$KOMORA$0,ie0cPmVcb3VNu49uThx8,2025-03-10T15:52:36.776Z
,,20.1,1.008,,,,,,default,,,stream,,,,,,1741618356947,,,,,,,KOMORA,,,JJmij8Zf0FWxxx6inWOhvzOkeLV4KI$0$stream$KOMORA$0,9kbUouRkzxGVK0HqgQTp,2025-03-10T14:52:36.947Z
,,20.2,1.008,,,,,,default,,,stream,,,,,,1741614756633,,,,,,,KOMORA,,,JJmij8Zf0FWxxx6inWOhvzOkeLV4KI$0$stream$KOMORA$0,MDAxi1WuRuQQf59MakiA,2025-03-10T13:52:36.633Z
,,20.4,1.008,,,,,,default,,,stream,,,,,,1741611156199,,,,,,,KOMORA,,,JJmij8Zf0FWxxx6inWOhvzOkeLV4KI$0$stream$KOMORA$0,jxYWW2DDaQyIwPPcJJDL,2025-03-10T12:52:36.199Z
,,19.7,1.008,,,,,,default,,,stream,,,,,,1741607556099,,,,,,,KOMORA,,,JJmij8Zf0FWxxx6inWOhvzOkeLV4KI$0$stream$KOMORA$0,ug3Qbc03E6ZF4gItaPEz,2025-03-10T11:52:36.099Z
,,20.3,1.008,,,,,,default,,,stream,,,,,,1741603956164,,,,,,,KOMORA,,,JJmij8Zf0FWxxx6inWOhvzOkeLV4KI$0$stream$KOMORA$0,1U0RtDGrjpOeGk2Dm6en,2025-03-10T10:52:36.164Z
,,20.1,1.008,,,,,,default,,,stream,,,,,,1741600356697,,,,,,,KOMORA,,,JJmij8Zf0FWxxx6inWOhvzOkeLV4KI$0$stream$KOMORA$0,0cjpM7rarT3D1xeDQve9,2025-03-10T09:52:36.697Z
,,20.2,1.008,,,,,,default,,,stream,,,,,,1741596755109,,,,,,,KOMORA,,,JJmij8Zf0FWxxx6inWOhvzOkeLV4KI$0$stream$KOMORA$0,fZp9i7iSz9NM9K3aGLNy,2025-03-10T08:52:35.109Z
,,20.4,1.008,,,,,,default,,,stream,,,,,,1741593156670,,,,,,,KOMORA,,,JJmij8Zf0FWxxx6inWOhvzOkeLV4KI$0$stream$KOMORA$0,T3A5Ex7U7d0aIbRUIaSl,2025-03-10T07:52:36.670Z
,,19.7,1.008,,,,,,default,,,stream,,,,,,1741589554058,,,,,,,KOMORA,,,JJmij8Zf0FWxxx6inWOhvzOkeLV4KI$0$stream$KOMORA$0,NhsBK5QNvQnUvlg4VoqH,2025-03-10T06:52:34.058Z
,,20.1,1.008,,,,,,default,,,stream,,,,,,1741585955995,,,,,,,KOMORA,,,JJmij8Zf0FWxxx6inWOhvzOkeLV4KI$0$stream$KOMORA$0,mZo4b1IioH3ttVdWVY8I,2025-03-10T05:52:35.995Z
,,20.1,1.007,,,,,,default,,,stream,,,,,,1741582356032,,,,,,,KOMORA,,,JJmij8Zf0FWxxx6inWOhvzOkeLV4KI$0$stream$KOMORA$0,q7wZoGBci47TLu4Vgy5k,2025-03-10T04:52:36.032Z
,,20.3,1.008,,,,,,default,,,stream,,,,,,1741578753422,,,,,,,KOMORA,,,JJmij8Zf0FWxxx6inWOhvzOkeLV4KI$0$stream$KOMORA$0,WqN9UIoBBicSAGhXPVZe,2025-03-10T03:52:33.422Z
,,20.4,1.008,,,,,,default,,,stream,,,,,,1741575153507,,,,,,,KOMORA,,,JJmij8Zf0FWxxx6inWOhvzOkeLV4KI$0$stream$KOMORA$0,5kijwdG5N06ZIh6N01Yy,2025-03-10T02:52:33.507Z
,,20.4,1.008,,,,,,default,,,stream,,,,,,1741571553437,,,,,,,KOMORA,,,JJmij8Zf0FWxxx6inWOhvzOkeLV4KI$0$stream$KOMORA$0,jlusYylg9DiD79xY3rhW,2025-03-10T01:52:33.437Z
,,20.1,1.008,,,,,,default,,,stream,,,,,,1741567953392,,,,,,,KOMORA,,,JJmij8Zf0FWxxx6inWOhvzOkeLV4KI$0$stream$KOMORA$0,kfv7bgRAXvepWZN1CzlA,2025-03-10T00:52:33.392Z
,,20.1,1.008,,,,,,default,,,stream,,,,,,1741564357962,,,,,,,KOMORA,,,JJmij8Zf0FWxxx6inWOhvzOkeLV4KI$0$stream$KOMORA$0,X4VMccXG80TKhE5VORah,2025-03-09T23:52:37.962Z
,,20.2,1.008,,,,,,default,,,stream,,,,,,1741560757465,,,,,,,KOMORA,,,JJmij8Zf0FWxxx6inWOhvzOkeLV4KI$0$stream$KOMORA$0,mfYhLWaAkGgVO5RBo6Xu,2025-03-09T22:52:37.465Z
,,20.4,1.008,,,,,,default,,,stream,,,,,,1741557152505,,,,,,,KOMORA,,,JJmij8Zf0FWxxx6inWOhvzOkeLV4KI$0$stream$KOMORA$0,H321F29pYf2kQYs662gc,2025-03-09T21:52:32.505Z
,,19.8,1.008,,,,,,default,,,stream,,,,,,1741553552361,,,,,,,KOMORA,,,JJmij8Zf0FWxxx6inWOhvzOkeLV4KI$0$stream$KOMORA$0,7YySV9sv17caUmvGDOLp,2025-03-09T20:52:32.361Z
,,20.4,1.008,,,,,,default,,,stream,,,,,,1741549952346,,,,,,,KOMORA,,,JJmij8Zf0FWxxx6inWOhvzOkeLV4KI$0$stream$KOMORA$0,YeeBB1vHHBzIhqw0w0WV,2025-03-09T19:52:32.346Z
,,20.1,1.008,,,,,,default,,,stream,,,,,,1741546353020,,,,,,,KOMORA,,,JJmij8Zf0FWxxx6inWOhvzOkeLV4KI$0$stream$KOMORA$0,tawn4PQY7z94K4nW6U3g,2025-03-09T18:52:33.020Z
,,20.1,1.008,,,,,,default,,,stream,,,,,,1741542752655,,,,,,,KOMORA,,,JJmij8Zf0FWxxx6inWOhvzOkeLV4KI$0$stream$KOMORA$0,JfucpvyQBtfo3lRnjS5Y,2025-03-09T17:52:32.655Z
,,20.2,1.008,,,,,,default,,,stream,,,,,,1741539151969,,,,,,,KOMORA,,,JJmij8Zf0FWxxx6inWOhvzOkeLV4KI$0$stream$KOMORA$0,Ep3rbxJPRcH5OJoTdYDn,2025-03-09T16:52:31.969Z
,,20.3,1.008,,,,,,default,,,stream,,,,,,1741535553435,,,,,,,KOMORA,,,JJmij8Zf0FWxxx6inWOhvzOkeLV4KI$0$stream$KOMORA$0,C2I5p4CZvLvZJEuJdBIo,2025-03-09T15:52:33.435Z
,,20.3,1.008,,,,,,default,,,stream,,,,,,1741531951432,,,,,,,KOMORA,,,JJmij8Zf0FWxxx6inWOhvzOkeLV4KI$0$stream$KOMORA$0,WzYwnvh3et3JKc2q1GIp,2025-03-09T14:52:31.432Z
,,20.4,1.008,,,,,,default,,,stream,,,,,,1741528355989,,,,,,,KOMORA,,,JJmij8Zf0FWxxx6inWOhvzOkeLV4KI$0$stream$KOMORA$0,0Yn5jZNKwsQhmkSBrJQP,2025-03-09T13:52:35.989Z
,,19.7,1.008,,,,,,default,,,stream,,,,,,1741524753639,,,,,,,KOMORA,,,JJmij8Zf0FWxxx6inWOhvzOkeLV4KI$0$stream$KOMORA$0,GcTzGkRFedvW06RhIn6d,2025-03-09T12:52:33.639Z
,,19.8,1.008,,,,,,default,,,stream,,,,,,1741521152703,,,,,,,KOMORA,,,JJmij8Zf0FWxxx6inWOhvzOkeLV4KI$0$stream$KOMORA$0,e9eYBVdaqR7OWaYWeCiD,2025-03-09T11:52:32.703Z
,,20.1,1.008,,,,,,default,,,stream,,,,,,1741517552143,,,,,,,KOMORA,,,JJmij8Zf0FWxxx6inWOhvzOkeLV4KI$0$stream$KOMORA$0,fNa8E8xAN8APccbED5JE,2025-03-09T10:52:32.143Z
,,20.1,1.008,,,,,,default,,,stream,,,,,,1741513951370,,,,,,,KOMORA,,,JJmij8Zf0FWxxx6inWOhvzOkeLV4KI$0$stream$KOMORA$0,xWANnoxqKzZkhxxHs2Xv,2025-03-09T09:52:31.370Z
,,20.3,1.008,,,,,,default,,,stream,,,,,,1741510351349,,,,,,,KOMORA,,,JJmij8Zf0FWxxx6inWOhvzOkeLV4KI$0$stream$KOMORA$0,Zie0NMAsCvRLhQC4q2ro,2025-03-09T08:52:31.349Z
,,19.7,1.008,,,,,,default,,,stream,,,,,,1741506751566,,,,,,,KOMORA,,,JJmij8Zf0FWxxx6inWOhvzOkeLV4KI$0$stream$KOMORA$0,A5mUoRfzENct8ssH7wap,2025-03-09T07:52:31.566Z
,,19.8,1.008,,,,,,default,,,stream,,,,,,1741503149537,,,,,,,KOMORA,,,JJmij8Zf0FWxxx6inWOhvzOkeLV4KI$0$stream$KOMORA$0,LqcHfWuAAyuKgWYmNGqQ,2025-03-09T06:52:29.537Z
,,20,1.008,,,,,,default,,,stream,,,,,,1741499549234,,,,,,,KOMORA,,,JJmij8Zf0FWxxx6inWOhvzOkeLV4KI$0$stream$KOMORA$0,wxnIMIlZgZenQVC4WeHJ,2025-03-09T05:52:29.234Z
,,20.2,1.008,,,,,,default,,,stream,,,,,,1741495948617,,,,,,,KOMORA,,,JJmij8Zf0FWxxx6inWOhvzOkeLV4KI$0$stream$KOMORA$0,peGjbU7yof3giiZOFidH,2025-03-09T04:52:28.617Z
,,20.3,1.008,,,,,,default,,,stream,,,,,,1741492348800,,,,,,,KOMORA,,,JJmij8Zf0FWxxx6inWOhvzOkeLV4KI$0$stream$KOMORA$0,4mBgDgyEyeYbnVnpGlgP,2025-03-09T03:52:28.800Z
,,19.7,1.008,,,,,,default,,,stream,,,,,,1741488748567,,,,,,,KOMORA,,,JJmij8Zf0FWxxx6inWOhvzOkeLV4KI$0$stream$KOMORA$0,UydlyUvLRlzgYiFHgzhb,2025-03-09T02:52:28.567Z
,,20.1,1.008,,,,,,default,,,stream,,,,,,1741485148466,,,,,,,KOMORA,,,JJmij8Zf0FWxxx6inWOhvzOkeLV4KI$0$stream$KOMORA$0,A8ORXfht6aoiZfahOtbM,2025-03-09T01:52:28.466Z
,,20.1,1.008,,,,,,default,,,stream,,,,,,1741481548483,,,,,,,KOMORA,,,JJmij8Zf0FWxxx6inWOhvzOkeLV4KI$0$stream$KOMORA$0,Efjlr7zMXgf3nmaW9inL,2025-03-09T00:52:28.483Z
,,20.4,1.008,,,,,,default,,,stream,,,,,,1741477948503,,,,,,,KOMORA,,,JJmij8Zf0FWxxx6inWOhvzOkeLV4KI$0$stream$KOMORA$0,OZKFaAaUU5cp0eGw9ZlS,2025-03-08T23:52:28.503Z
,,19.7,1.008,,,,,,default,,,stream,,,,,,1741474348475,,,,,,,KOMORA,,,JJmij8Zf0FWxxx6inWOhvzOkeLV4KI$0$stream$KOMORA$0,G6wkPeyM7e0hJxsbINwx,2025-03-08T22:52:28.475Z
,,20.3,1.008,,,,,,default,,,stream,,,,,,1741470748390,,,,,,,KOMORA,,,JJmij8Zf0FWxxx6inWOhvzOkeLV4KI$0$stream$KOMORA$0,ZOzwiQyflxchuiGa8HPJ,2025-03-08T21:52:28.390Z
,,20.1,1.008,,,,,,default,,,stream,,,,,,1741467148305,,,,,,,KOMORA,,,JJmij8Zf0FWxxx6inWOhvzOkeLV4KI$0$stream$KOMORA$0,uFOimuj60RelMEHjsqFk,2025-03-08T20:52:28.305Z
,,20.2,1.008,,,,,,default,,,stream,,,,,,1741463547828,,,,,,,KOMORA,,,JJmij8Zf0FWxxx6inWOhvzOkeLV4KI$0$stream$KOMORA$0,1EVKxHh9Fc9BNawyZd8n,2025-03-08T19:52:27.828Z
,,20.4,1.008,,,,,,default,,,stream,,,,,,1741459947406,,,,,,,KOMORA,,,JJmij8Zf0FWxxx6inWOhvzOkeLV4KI$0$stream$KOMORA$0,DFBQtDamp8k8zhPrZzm9,2025-03-08T18:52:27.406Z
,,19.7,1.008,,,,,,default,,,stream,,,,,,1741456347202,,,,,,,KOMORA,,,JJmij8Zf0FWxxx6inWOhvzOkeLV4KI$0$stream$KOMORA$0,qXsOxnQJ5DwKGtT2G8Ip,2025-03-08T17:52:27.202Z
,,20.4,1.008,,,,,,default,,,stream,,,,,,1741452750663,,,,,,,KOMORA,,,JJmij8Zf0FWxxx6inWOhvzOkeLV4KI$0$stream$KOMORA$0,BtvpjSDgTx5lbqjqyOaK,2025-03-08T16:52:30.663Z
,,20,1.008,,,,,,default,,,stream,,,,,,1741449150231,,,,,,,KOMORA,,,JJmij8Zf0FWxxx6inWOhvzOkeLV4KI$0$stream$KOMORA$0,HXN5luTORogyJH1Ak6ni,2025-03-08T15:52:30.231Z
,,20.1,1.008,,,,,,default,,,stream,,,,,,1741445548828,,,,,,,KOMORA,,,JJmij8Zf0FWxxx6inWOhvzOkeLV4KI$0$stream$KOMORA$0,mLFjGlmvfhE524JqAwPF,2025-03-08T14:52:28.828Z
,,20.1,1.008,,,,,,default,,,stream,,,,,,1741441947636,,,,,,,KOMORA,,,JJmij8Zf0FWxxx6inWOhvzOkeLV4KI$0$stream$KOMORA$0,MlTvbfOrgDbsQl0w37ZS,2025-03-08T13:52:27.636Z
,,20.2,1.008,,,,,,default,,,stream,,,,,,1741438347282,,,,,,,KOMORA,,,JJmij8Zf0FWxxx6inWOhvzOkeLV4KI$0$stream$KOMORA$0,om7JcWLRisdNYKp32n45,2025-03-08T12:52:27.282Z
,,19.7,1.008,,,,,,default,,,stream,,,,,,1741434747372,,,,,,,KOMORA,,,JJmij8Zf0FWxxx6inWOhvzOkeLV4KI$0$stream$KOMORA$0,RoGAXbBeidZIeL63CAsE,2025-03-08T11:52:27.372Z
,,19.7,1.008,,,,,,default,,,stream,,,,,,1741431147090,,,,,,,KOMORA,,,JJmij8Zf0FWxxx6inWOhvzOkeLV4KI$0$stream$KOMORA$0,l40gQ7l23IB8lSEVcO8e,2025-03-08T10:52:27.090Z
,,20.1,1.008,,,,,,default,,,stream,,,,,,1741427547908,,,,,,,KOMORA,,,JJmij8Zf0FWxxx6inWOhvzOkeLV4KI$0$stream$KOMORA$0,1hzyCsDTFFqY5U90C2Po,2025-03-08T09:52:27.908Z
,,20.1,1.008,,,,,,default,,,stream,,,,,,1741423946951,,,,,,,KOMORA,,,JJmij8Zf0FWxxx6inWOhvzOkeLV4KI$0$stream$KOMORA$0,56QebmbId7DvmXYyyP2P,2025-03-08T08:52:26.951Z
,,20.3,1.008,,,,,,default,,,stream,,,,,,1741420347102,,,,,,,KOMORA,,,JJmij8Zf0FWxxx6inWOhvzOkeLV4KI$0$stream$KOMORA$0,TvmIW0dC63SrbIaHqcS7,2025-03-08T07:52:27.102Z
,,19.7,1.008,,,,,,default,,,stream,,,,,,1741416747147,,,,,,,KOMORA,,,JJmij8Zf0FWxxx6inWOhvzOkeLV4KI$0$stream$KOMORA$0,vYRXON9itGj8tMGpn300,2025-03-08T06:52:27.147Z
,,20.1,1.008,,,,,,default,,,stream,,,,,,1741413147026,,,,,,,KOMORA,,,JJmij8Zf0FWxxx6inWOhvzOkeLV4KI$0$stream$KOMORA$0,XujfWoXp0OLIjU5RIST8,2025-03-08T05:52:27.026Z
,,20.4,1.008,,,,,,default,,,stream,,,,,,1741409545158,,,,,,,KOMORA,,,JJmij8Zf0FWxxx6inWOhvzOkeLV4KI$0$stream$KOMORA$0,wKc3GXxprHVnOv4kuhoe,2025-03-08T04:52:25.158Z
,,19.7,1.008,,,,,,default,,,stream,,,,,,1741405946634,,,,,,,KOMORA,,,JJmij8Zf0FWxxx6inWOhvzOkeLV4KI$0$stream$KOMORA$0,9UfJKbP7vwPukagFEHfA,2025-03-08T03:52:26.634Z
,,20,1.008,,,,,,default,,,stream,,,,,,1741402346491,,,,,,,KOMORA,,,JJmij8Zf0FWxxx6inWOhvzOkeLV4KI$0$stream$KOMORA$0,kIW7lJxe9rvYTXCJn600,2025-03-08T02:52:26.491Z
,,20.2,1.008,,,,,,default,,,stream,,,,,,1741398747500,,,,,,,KOMORA,,,JJmij8Zf0FWxxx6inWOhvzOkeLV4KI$0$stream$KOMORA$0,PCPAHOgTKYSlz1vCgaty,2025-03-08T01:52:27.500Z
,,19.7,1.008,,,,,,default,,,stream,,,,,,1741395146618,,,,,,,KOMORA,,,JJmij8Zf0FWxxx6inWOhvzOkeLV4KI$0$stream$KOMORA$0,3lyiFHYtwaBTCXqv0X2C,2025-03-08T00:52:26.618Z
,,20.4,1.008,,,,,,default,,,stream,,,,,,1741391546122,,,,,,,KOMORA,,,JJmij8Zf0FWxxx6inWOhvzOkeLV4KI$0$stream$KOMORA$0,eG6rJsA1aGdjPNyIyZ28,2025-03-07T23:52:26.122Z
,,20,1.008,,,,,,default,,,stream,,,,,,1741387946539,,,,,,,KOMORA,,,JJmij8Zf0FWxxx6inWOhvzOkeLV4KI$0$stream$KOMORA$0,cXVBhWs7GZu0R0wKTw6p,2025-03-07T22:52:26.539Z
,,20.2,1.008,,,,,,default,,,stream,,,,,,1741384345316,,,,,,,KOMORA,,,JJmij8Zf0FWxxx6inWOhvzOkeLV4KI$0$stream$KOMORA$0,2VnFAAasMmYyPsKnyRVC,2025-03-07T21:52:25.316Z
,,19.7,1.008,,,,,,default,,,stream,,,,,,1741380746638,,,,,,,KOMORA,,,JJmij8Zf0FWxxx6inWOhvzOkeLV4KI$0$stream$KOMORA$0,Ivp5vztSgO3Sj9ybDWLb,2025-03-07T20:52:26.638Z
,,19.7,1.008,,,,,,default,,,stream,,,,,,1741377146755,,,,,,,KOMORA,,,JJmij8Zf0FWxxx6inWOhvzOkeLV4KI$0$stream$KOMORA$0,QcifeZTYfLhCiZnFpjHA,2025-03-07T19:52:26.755Z
,,20,1.008,,,,,,default,,,stream,,,,,,1741373547134,,,,,,,KOMORA,,,JJmij8Zf0FWxxx6inWOhvzOkeLV4KI$0$stream$KOMORA$0,jJFgSfbk3yFS654MZACv,2025-03-07T18:52:27.134Z
,,20.1,1.008,,,,,,default,,,stream,,,,,,1741369947276,,,,,,,KOMORA,,,JJmij8Zf0FWxxx6inWOhvzOkeLV4KI$0$stream$KOMORA$0,WlGpiTu5Cn9c9FqNUTpR,2025-03-07T17:52:27.276Z
,,20.3,1.008,,,,,,default,,,stream,,,,,,1741366343143,,,,,,,KOMORA,,,JJmij8Zf0FWxxx6inWOhvzOkeLV4KI$0$stream$KOMORA$0,GM4Gsd9A3IYx33M1o6yz,2025-03-07T16:52:23.143Z
,,20.4,1.009,,,,,,default,,,stream,,,,,,1741362742371,,,,,,,KOMORA,,,JJmij8Zf0FWxxx6inWOhvzOkeLV4KI$0$stream$KOMORA$0,5nTWk3WLzmwe5oYRRN5H,2025-03-07T15:52:22.371Z
,,19.7,1.009,,,,,,default,,,stream,,,,,,1741359144788,,,,,,,KOMORA,,,JJmij8Zf0FWxxx6inWOhvzOkeLV4KI$0$stream$KOMORA$0,eBSPFWTt8sjAyhaWaFvj,2025-03-07T14:52:24.788Z
,,20.2,1.009,,,,,,default,,,stream,,,,,,1741355542923,,,,,,,KOMORA,,,JJmij8Zf0FWxxx6inWOhvzOkeLV4KI$0$stream$KOMORA$0,zqbu2T894ntv4l9ka51P,2025-03-07T13:52:22.923Z
,,20.1,1.009,,,,,,default,,,stream,,,,,,1741351943801,,,,,,,KOMORA,,,JJmij8Zf0FWxxx6inWOhvzOkeLV4KI$0$stream$KOMORA$0,nhH6FFzECwZ7WFFQjnvi,2025-03-07T12:52:23.801Z
,,20.3,1.009,,,,,,default,,,stream,,,,,,1741348341773,,,,,,,KOMORA,,,JJmij8Zf0FWxxx6inWOhvzOkeLV4KI$0$stream$KOMORA$0,hsE5Cp6tX2qpXuuormY1,2025-03-07T11:52:21.773Z
,,19.7,1.009,,,,,,default,,,stream,,,,,,1741344741337,,,,,,,KOMORA,,,JJmij8Zf0FWxxx6inWOhvzOkeLV4KI$0$stream$KOMORA$0,W7LcpyFTEtC4Eswuny0n,2025-03-07T10:52:21.337Z
,,20,1.009,,,,,,default,,,stream,,,,,,1741341140981,,,,,,,KOMORA,,,JJmij8Zf0FWxxx6inWOhvzOkeLV4KI$0$stream$KOMORA$0,curFNHMuEuSrBC7S0Hjr,2025-03-07T09:52:20.981Z
,,20.1,1.009,,,,,,default,,,stream,,,,,,1741337540695,,,,,,,KOMORA,,,JJmij8Zf0FWxxx6inWOhvzOkeLV4KI$0$stream$KOMORA$0,RPFyTjJoyoqEFCX6Yotf,2025-03-07T08:52:20.695Z
,,20.2,1.009,,,,,,default,,,stream,,,,,,1741333939824,,,,,,,KOMORA,,,JJmij8Zf0FWxxx6inWOhvzOkeLV4KI$0$stream$KOMORA$0,m9Hi4XewX6DKPFcSZNx3,2025-03-07T07:52:19.824Z
,,19.7,1.009,,,,,,default,,,stream,,,,,,1741330339972,,,,,,,KOMORA,,,JJmij8Zf0FWxxx6inWOhvzOkeLV4KI$0$stream$KOMORA$0,qSRvRgWkUcPPPklD4SCI,2025-03-07T06:52:19.972Z
,,19.9,1.009,,,,,,default,,,stream,,,,,,1741326739534,,,,,,,KOMORA,,,JJmij8Zf0FWxxx6inWOhvzOkeLV4KI$0$stream$KOMORA$0,vc7bJUSMu3tjlbULy4ia,2025-03-07T05:52:19.534Z
,,20.1,1.009,,,,,,default,,,stream,,,,,,1741323144620,,,,,,,KOMORA,,,JJmij8Zf0FWxxx6inWOhvzOkeLV4KI$0$stream$KOMORA$0,dAd7TplNCuR3YilbQEzT,2025-03-07T04:52:24.620Z
,,19.7,1.009,,,,,,default,,,stream,,,,,,1741319543523,,,,,,,KOMORA,,,JJmij8Zf0FWxxx6inWOhvzOkeLV4KI$0$stream$KOMORA$0,ncboFCdCikVOuZsrMGlI,2025-03-07T03:52:23.523Z
,,20.1,1.009,,,,,,default,,,stream,,,,,,1741315942770,,,,,,,KOMORA,,,JJmij8Zf0FWxxx6inWOhvzOkeLV4KI$0$stream$KOMORA$0,Y64uBUg09AkCgZpqE86z,2025-03-07T02:52:22.770Z
,,20.1,1.009,,,,,,default,,,stream,,,,,,1741312340346,,,,,,,KOMORA,,,JJmij8Zf0FWxxx6inWOhvzOkeLV4KI$0$stream$KOMORA$0,V1YA3HExyPhMsxHU94iz,2025-03-07T01:52:20.346Z
,,20.2,1.009,,,,,,default,,,stream,,,,,,1741308740188,,,,,,,KOMORA,,,JJmij8Zf0FWxxx6inWOhvzOkeLV4KI$0$stream$KOMORA$0,JCNarIRwK5TzyTa2gVe3,2025-03-07T00:52:20.188Z
,,19.7,1.009,,,,,,default,,,stream,,,,,,1741305141266,,,,,,,KOMORA,,,JJmij8Zf0FWxxx6inWOhvzOkeLV4KI$0$stream$KOMORA$0,0eFqmXXDnGyAys2pcyIx,2025-03-06T23:52:21.266Z
,,20,1.009,,,,,,default,,,stream,,,,,,1741301539243,,,,,,,KOMORA,,,JJmij8Zf0FWxxx6inWOhvzOkeLV4KI$0$stream$KOMORA$0,BfnepDwvs6BD4iq7pRof,2025-03-06T22:52:19.243Z
,,20.1,1.009,,,,,,default,,,stream,,,,,,1741297939529,,,,,,,KOMORA,,,JJmij8Zf0FWxxx6inWOhvzOkeLV4KI$0$stream$KOMORA$0,3nkIkM0YwtfZ2mKYYju2,2025-03-06T21:52:19.529Z
,,20.3,1.009,,,,,,default,,,stream,,,,,,1741294338773,,,,,,,KOMORA,,,JJmij8Zf0FWxxx6inWOhvzOkeLV4KI$0$stream$KOMORA$0,zsZKwZjYAxdCarMBJo5Z,2025-03-06T20:52:18.773Z
,,19.7,1.009,,,,,,default,,,stream,,,,,,1741290737938,,,,,,,KOMORA,,,JJmij8Zf0FWxxx6inWOhvzOkeLV4KI$0$stream$KOMORA$0,myCYlZr1MRJfMZcWHzM3,2025-03-06T19:52:17.938Z
,,20.1,1.009,,,,,,default,,,stream,,,,,,1741287138896,,,,,,,KOMORA,,,JJmij8Zf0FWxxx6inWOhvzOkeLV4KI$0$stream$KOMORA$0,QpVwfuzM8ayt3ijxX48O,2025-03-06T18:52:18.896Z
,,20.1,1.009,,,,,,default,,,stream,,,,,,1741283537508,,,,,,,KOMORA,,,JJmij8Zf0FWxxx6inWOhvzOkeLV4KI$0$stream$KOMORA$0,Rq899SHtLMk48SXENkAH,2025-03-06T17:52:17.508Z
,,20.3,1.009,,,,,,default,,,stream,,,,,,1741279938056,,,,,,,KOMORA,,,JJmij8Zf0FWxxx6inWOhvzOkeLV4KI$0$stream$KOMORA$0,48az3Cn5sxqOPlQewm27,2025-03-06T16:52:18.056Z
,,20.3,1.009,,,,,,default,,,stream,,,,,,1741276338485,,,,,,,KOMORA,,,JJmij8Zf0FWxxx6inWOhvzOkeLV4KI$0$stream$KOMORA$0,CRok1xjlDFT2PEba68FC,2025-03-06T15:52:18.485Z
,,20.2,1.009,,,,,,default,,,stream,,,,,,1741272740841,,,,,,,KOMORA,,,JJmij8Zf0FWxxx6inWOhvzOkeLV4KI$0$stream$KOMORA$0,p3cvW3rhIsmm4VvIo4Y6,2025-03-06T14:52:20.841Z
,,20.1,1.009,,,,,,default,,,stream,,,,,,1741269137881,,,,,,,KOMORA,,,JJmij8Zf0FWxxx6inWOhvzOkeLV4KI$0$stream$KOMORA$0,U2nksJjBG2al0RrQ62gi,2025-03-06T13:52:17.881Z
,,20,1.009,,,,,,default,,,stream,,,,,,1741265537779,,,,,,,KOMORA,,,JJmij8Zf0FWxxx6inWOhvzOkeLV4KI$0$stream$KOMORA$0,81Tv7NURA6BviOxf24Fp,2025-03-06T12:52:17.779Z
,,20.1,1.009,,,,,,default,,,stream,,,,,,1741261937070,,,,,,,KOMORA,,,JJmij8Zf0FWxxx6inWOhvzOkeLV4KI$0$stream$KOMORA$0,Rhbt6CwwroXQMFMdP5y6,2025-03-06T11:52:17.070Z
,,20.3,1.01,,,,,,default,,,stream,,,,,,1741258337528,,,,,,,KOMORA,,,JJmij8Zf0FWxxx6inWOhvzOkeLV4KI$0$stream$KOMORA$0,Ouj6VP17uFHuAqNzz0N0,2025-03-06T10:52:17.528Z
,,19.7,1.009,,,,,,default,,,stream,,,,,,1741254741475,,,,,,,KOMORA,,,JJmij8Zf0FWxxx6inWOhvzOkeLV4KI$0$stream$KOMORA$0,qeKnLDNRdKOpOjJHyEmk,2025-03-06T09:52:21.475Z
,,20.1,1.009,,,,,,default,,,stream,,,,,,1741251137856,,,,,,,KOMORA,,,JJmij8Zf0FWxxx6inWOhvzOkeLV4KI$0$stream$KOMORA$0,iUxfksCba4tEBxOEaaFx,2025-03-06T08:52:17.856Z
,,20.2,1.009,,,,,,default,,,stream,,,,,,1741247537881,,,,,,,KOMORA,,,JJmij8Zf0FWxxx6inWOhvzOkeLV4KI$0$stream$KOMORA$0,bkeoeevnYxQbWNuyFzSO,2025-03-06T07:52:17.881Z
,,19.7,1.01,,,,,,default,,,stream,,,,,,1741243937517,,,,,,,KOMORA,,,JJmij8Zf0FWxxx6inWOhvzOkeLV4KI$0$stream$KOMORA$0,DK7OBO8tr8MIqM1ckwuL,2025-03-06T06:52:17.517Z
,,20.2,1.009,,,,,,default,,,stream,,,,,,1741240337058,,,,,,,KOMORA,,,JJmij8Zf0FWxxx6inWOhvzOkeLV4KI$0$stream$KOMORA$0,ZnJMErPd9W3enmXynM5D,2025-03-06T05:52:17.058Z
,,20.1,1.01,,,,,,default,,,stream,,,,,,1741236735649,,,,,,,KOMORA,,,JJmij8Zf0FWxxx6inWOhvzOkeLV4KI$0$stream$KOMORA$0,v2M2dcSbfEHH75c4rKgE,2025-03-06T04:52:15.649Z
,,20.3,1.009,,,,,,default,,,stream,,,,,,1741233134647,,,,,,,KOMORA,,,JJmij8Zf0FWxxx6inWOhvzOkeLV4KI$0$stream$KOMORA$0,r3oDHL5X7vBuCaUsJ9Ok,2025-03-06T03:52:14.647Z
,,19.7,1.01,,,,,,default,,,stream,,,,,,1741229534537,,,,,,,KOMORA,,,JJmij8Zf0FWxxx6inWOhvzOkeLV4KI$0$stream$KOMORA$0,q0yu9xdxG7R6X3SsBIrA,2025-03-06T02:52:14.537Z
,,20,1.01,,,,,,default,,,stream,,,,,,1741225934820,,,,,,,KOMORA,,,JJmij8Zf0FWxxx6inWOhvzOkeLV4KI$0$stream$KOMORA$0,TATX9nLyTCsjpmkZ8ZgW,2025-03-06T01:52:14.820Z
,,20.3,1.009,,,,,,default,,,stream,,,,,,1741222334181,,,,,,,KOMORA,,,JJmij8Zf0FWxxx6inWOhvzOkeLV4KI$0$stream$KOMORA$0,71duFgTaanjnv1YGhieg,2025-03-06T00:52:14.181Z
,,19.7,1.01,,,,,,default,,,stream,,,,,,1741218732907,,,,,,,KOMORA,,,JJmij8Zf0FWxxx6inWOhvzOkeLV4KI$0$stream$KOMORA$0,5Ym9JTRnEC0FV9FxDa5r,2025-03-05T23:52:12.907Z
,,20,1.01,,,,,,default,,,stream,,,,,,1741215137639,,,,,,,KOMORA,,,JJmij8Zf0FWxxx6inWOhvzOkeLV4KI$0$stream$KOMORA$0,SnpJOtXmDcDb395PekIr,2025-03-05T22:52:17.639Z
,,20.1,1.01,,,,,,default,,,stream,,,,,,1741211536858,,,,,,,KOMORA,,,JJmij8Zf0FWxxx6inWOhvzOkeLV4KI$0$stream$KOMORA$0,37vkqLMAsTLzPoF8QNnH,2025-03-05T21:52:16.858Z
,,20.3,1.01,,,,,,default,,,stream,,,,,,1741207936463,,,,,,,KOMORA,,,JJmij8Zf0FWxxx6inWOhvzOkeLV4KI$0$stream$KOMORA$0,W3oPWe9XkV7eHOxM3Nxe,2025-03-05T20:52:16.463Z
,,19.7,1.01,,,,,,default,,,stream,,,,,,1741204336681,,,,,,,KOMORA,,,JJmij8Zf0FWxxx6inWOhvzOkeLV4KI$0$stream$KOMORA$0,0wdMLtvUnuoQKXXHVP0B,2025-03-05T19:52:16.681Z
,,20.4,1.01,,,,,,default,,,stream,,,,,,1741200736240,,,,,,,KOMORA,,,JJmij8Zf0FWxxx6inWOhvzOkeLV4KI$0$stream$KOMORA$0,VNRKRpxdxG4rDo2mvMao,2025-03-05T18:52:16.240Z
,,20,1.01,,,,,,default,,,stream,,,,,,1741197134966,,,,,,,KOMORA,,,JJmij8Zf0FWxxx6inWOhvzOkeLV4KI$0$stream$KOMORA$0,vc8lvLg0OgVTO8LcmgaK,2025-03-05T17:52:14.966Z
,,20.1,1.01,,,,,,default,,,stream,,,,,,1741193532520,,,,,,,KOMORA,,,JJmij8Zf0FWxxx6inWOhvzOkeLV4KI$0$stream$KOMORA$0,Fu4odWQQkToh5OZ394Jx,2025-03-05T16:52:12.520Z
,,20.2,1.01,,,,,,default,,,stream,,,,,,1741189932520,,,,,,,KOMORA,,,JJmij8Zf0FWxxx6inWOhvzOkeLV4KI$0$stream$KOMORA$0,rOYosMPyDiqw6mhtVGuc,2025-03-05T15:52:12.520Z
,,20.4,1.01,,,,,,default,,,stream,,,,,,1741186331937,,,,,,,KOMORA,,,JJmij8Zf0FWxxx6inWOhvzOkeLV4KI$0$stream$KOMORA$0,jFfJ3SPT5bv3QFplkBDe,2025-03-05T14:52:11.937Z
,,20.3,1.01,,,,,,default,,,stream,,,,,,1741182731574,,,,,,,KOMORA,,,JJmij8Zf0FWxxx6inWOhvzOkeLV4KI$0$stream$KOMORA$0,eRJQw1DdaiEVpLOsmcfc,2025-03-05T13:52:11.574Z
,,20.2,1.01,,,,,,default,,,stream,,,,,,1741179131235,,,,,,,KOMORA,,,JJmij8Zf0FWxxx6inWOhvzOkeLV4KI$0$stream$KOMORA$0,iIpg3uBsyKbvS8qj93nw,2025-03-05T12:52:11.235Z
,,20.1,1.01,,,,,,default,,,stream,,,,,,1741175536027,,,,,,,KOMORA,,,JJmij8Zf0FWxxx6inWOhvzOkeLV4KI$0$stream$KOMORA$0,JbfUpDUSfy55bMCAJotW,2025-03-05T11:52:16.027Z
,,20.3,1.01,,,,,,default,,,stream,,,,,,1741171935886,,,,,,,KOMORA,,,JJmij8Zf0FWxxx6inWOhvzOkeLV4KI$0$stream$KOMORA$0,Q1ojszwNjDHxKckSmlaR,2025-03-05T10:52:15.886Z
,,19.7,1.01,,,,,,default,,,stream,,,,,,1741168334633,,,,,,,KOMORA,,,JJmij8Zf0FWxxx6inWOhvzOkeLV4KI$0$stream$KOMORA$0,LWmHLp2HsvLlLXJLdKIt,2025-03-05T09:52:14.633Z
,,20.2,1.01,,,,,,default,,,stream,,,,,,1741164734124,,,,,,,KOMORA,,,JJmij8Zf0FWxxx6inWOhvzOkeLV4KI$0$stream$KOMORA$0,9s3rbj8J5qUMB1umPgmE,2025-03-05T08:52:14.124Z
,,20.1,1.01,,,,,,default,,,stream,,,,,,1741161134109,,,,,,,KOMORA,,,JJmij8Zf0FWxxx6inWOhvzOkeLV4KI$0$stream$KOMORA$0,7AvbCwn7OGl3EJFnQu5j,2025-03-05T07:52:14.109Z
,,20.3,1.01,,,,,,default,,,stream,,,,,,1741157533598,,,,,,,KOMORA,,,JJmij8Zf0FWxxx6inWOhvzOkeLV4KI$0$stream$KOMORA$0,wUNX8iyUOopp4DLsY4BZ,2025-03-05T06:52:13.598Z
,,19.7,1.01,,,,,,default,,,stream,,,,,,1741153932939,,,,,,,KOMORA,,,JJmij8Zf0FWxxx6inWOhvzOkeLV4KI$0$stream$KOMORA$0,CgKJbdSWY9QJchfH20bC,2025-03-05T05:52:12.939Z
,,20,1.01,,,,,,default,,,stream,,,,,,1741150334149,,,,,,,KOMORA,,,JJmij8Zf0FWxxx6inWOhvzOkeLV4KI$0$stream$KOMORA$0,jL5gnSlFSlklA7SJhec3,2025-03-05T04:52:14.149Z
,,20.2,1.011,,,,,,default,,,stream,,,,,,1741146733284,,,,,,,KOMORA,,,JJmij8Zf0FWxxx6inWOhvzOkeLV4KI$0$stream$KOMORA$0,CCvLLmGcszzpohmudIaF,2025-03-05T03:52:13.284Z
,,20.4,1.011,,,,,,default,,,stream,,,,,,1741143131689,,,,,,,KOMORA,,,JJmij8Zf0FWxxx6inWOhvzOkeLV4KI$0$stream$KOMORA$0,NTqq9r3cgnLOCjnriTbu,2025-03-05T02:52:11.689Z
,,20.1,1.011,,,,,,default,,,stream,,,,,,1741139530720,,,,,,,KOMORA,,,JJmij8Zf0FWxxx6inWOhvzOkeLV4KI$0$stream$KOMORA$0,WN6b0cj8qYVdaWypvpXV,2025-03-05T01:52:10.720Z
,,20.1,1.011,,,,,,default,,,stream,,,,,,1741135931049,,,,,,,KOMORA,,,JJmij8Zf0FWxxx6inWOhvzOkeLV4KI$0$stream$KOMORA$0,rAcmyuhC8BmC9qS6GOM4,2025-03-05T00:52:11.049Z
,,20.4,1.011,,,,,,default,,,stream,,,,,,1741132330968,,,,,,,KOMORA,,,JJmij8Zf0FWxxx6inWOhvzOkeLV4KI$0$stream$KOMORA$0,Q6ved78QPwqj9ru3X1HV,2025-03-04T23:52:10.968Z
,,20.4,1.011,,,,,,default,,,stream,,,,,,1741128730772,,,,,,,KOMORA,,,JJmij8Zf0FWxxx6inWOhvzOkeLV4KI$0$stream$KOMORA$0,aq5ATbtMwkmhB3WiBYc2,2025-03-04T22:52:10.772Z
,,20,1.011,,,,,,default,,,stream,,,,,,1741125130124,,,,,,,KOMORA,,,JJmij8Zf0FWxxx6inWOhvzOkeLV4KI$0$stream$KOMORA$0,Wt2h0MwY7Zk1NLXi6bPd,2025-03-04T21:52:10.124Z
,,20.2,1.011,,,,,,default,,,stream,,,,,,1741121534505,,,,,,,KOMORA,,,JJmij8Zf0FWxxx6inWOhvzOkeLV4KI$0$stream$KOMORA$0,RUHht7pZ73pC1xakvH1b,2025-03-04T20:52:14.505Z
,,20.4,1.011,,,,,,default,,,stream,,,,,,1741117932058,,,,,,,KOMORA,,,JJmij8Zf0FWxxx6inWOhvzOkeLV4KI$0$stream$KOMORA$0,dlLCXS7D5Fq8QOsrrTOH,2025-03-04T19:52:12.058Z
,,20.3,1.011,,,,,,default,,,stream,,,,,,1741114330859,,,,,,,KOMORA,,,JJmij8Zf0FWxxx6inWOhvzOkeLV4KI$0$stream$KOMORA$0,hi8J8ybtA5BrK0yLbYLn,2025-03-04T18:52:10.859Z
,,20.2,1.011,,,,,,default,,,stream,,,,,,1741110729284,,,,,,,KOMORA,,,JJmij8Zf0FWxxx6inWOhvzOkeLV4KI$0$stream$KOMORA$0,bIVKpt8rROSCIBp86I4Q,2025-03-04T17:52:09.284Z
,,20.3,1.011,,,,,,default,,,stream,,,,,,1741107131645,,,,,,,KOMORA,,,JJmij8Zf0FWxxx6inWOhvzOkeLV4KI$0$stream$KOMORA$0,11pka756WfMea24NnRgE,2025-03-04T16:52:11.645Z
,,19.7,1.011,,,,,,default,,,stream,,,,,,1741103530341,,,,,,,KOMORA,,,JJmij8Zf0FWxxx6inWOhvzOkeLV4KI$0$stream$KOMORA$0,f6HTqnkmStGSXtnv2hcv,2025-03-04T15:52:10.341Z
,,20.1,1.011,,,,,,default,,,stream,,,,,,1741099929824,,,,,,,KOMORA,,,JJmij8Zf0FWxxx6inWOhvzOkeLV4KI$0$stream$KOMORA$0,u8WZjyYEEw8G70SpDVly,2025-03-04T14:52:09.824Z
,,20.1,1.011,,,,,,default,,,stream,,,,,,1741096328049,,,,,,,KOMORA,,,JJmij8Zf0FWxxx6inWOhvzOkeLV4KI$0$stream$KOMORA$0,b5gJrlPjOSwCAKfU3RXD,2025-03-04T13:52:08.049Z
,,20.2,1.011,,,,,,default,,,stream,,,,,,1741092729638,,,,,,,KOMORA,,,JJmij8Zf0FWxxx6inWOhvzOkeLV4KI$0$stream$KOMORA$0,wGaE099fpo5n9sPkypEh,2025-03-04T12:52:09.638Z
,,20.4,1.011,,,,,,default,,,stream,,,,,,1741089127741,,,,,,,KOMORA,,,JJmij8Zf0FWxxx6inWOhvzOkeLV4KI$0$stream$KOMORA$0,txBXjyz3Tcqth9Onlpzv,2025-03-04T11:52:07.741Z
,,20.3,1.011,,,,,,default,,,stream,,,,,,1741085526834,,,,,,,KOMORA,,,JJmij8Zf0FWxxx6inWOhvzOkeLV4KI$0$stream$KOMORA$0,Xqocy2QvCeXuLYohlp1J,2025-03-04T10:52:06.834Z
,,20.1,1.012,,,,,,default,,,stream,,,,,,1741081926249,,,,,,,KOMORA,,,JJmij8Zf0FWxxx6inWOhvzOkeLV4KI$0$stream$KOMORA$0,QjHVP3nNX7hZd25BEG4E,2025-03-04T09:52:06.249Z
,,20.3,1.011,,,,,,default,,,stream,,,,,,1741078327718,,,,,,,KOMORA,,,JJmij8Zf0FWxxx6inWOhvzOkeLV4KI$0$stream$KOMORA$0,4Gx8x6lDZjOIR1mlzUxJ,2025-03-04T08:52:07.718Z
,,20.2,1.011,,,,,,default,,,stream,,,,,,1741074727487,,,,,,,KOMORA,,,JJmij8Zf0FWxxx6inWOhvzOkeLV4KI$0$stream$KOMORA$0,2V0WDlWCJAAbjvADXE8f,2025-03-04T07:52:07.487Z
,,19.9,1.012,,,,,,default,,,stream,,,,,,1741071129984,,,,,,,KOMORA,,,JJmij8Zf0FWxxx6inWOhvzOkeLV4KI$0$stream$KOMORA$0,UtsNofW5BGN0Jz2QeDkp,2025-03-04T06:52:09.984Z
,,19.3,1.012,,,,,,default,,,stream,,,,,,1741067526645,,,,,,,KOMORA,,,JJmij8Zf0FWxxx6inWOhvzOkeLV4KI$0$stream$KOMORA$0,136rkZJKPUr5hnwWrvUy,2025-03-04T05:52:06.645Z
,,19.1,1.012,,,,,,default,,,stream,,,,,,1741063926197,,,,,,,KOMORA,,,JJmij8Zf0FWxxx6inWOhvzOkeLV4KI$0$stream$KOMORA$0,xfe85DuSlBsFodc1iwOA,2025-03-04T04:52:06.197Z
,,19,1.012,,,,,,default,,,stream,,,,,,1741060328121,,,,,,,KOMORA,,,JJmij8Zf0FWxxx6inWOhvzOkeLV4KI$0$stream$KOMORA$0,LOMNigJLASg6DTGGxeLT,2025-03-04T03:52:08.121Z
,,19.2,1.011,,,,,,default,,,stream,,,,,,1741056727237,,,,,,,KOMORA,,,JJmij8Zf0FWxxx6inWOhvzOkeLV4KI$0$stream$KOMORA$0,qmDaKjZTQ4Qk3ap1gtVs,2025-03-04T02:52:07.237Z
,,19.4,1.012,,,,,,default,,,stream,,,,,,1741053128735,,,,,,,KOMORA,,,JJmij8Zf0FWxxx6inWOhvzOkeLV4KI$0$stream$KOMORA$0,IXrk12Bi5KjAKEPE1IZ7,2025-03-04T01:52:08.735Z
,,18.7,1.012,,,,,,default,,,stream,,,,,,1741049528062,,,,,,,KOMORA,,,JJmij8Zf0FWxxx6inWOhvzOkeLV4KI$0$stream$KOMORA$0,i3c8UtB4BqNJfA6nVBYz,2025-03-04T00:52:08.062Z
,,19,1.012,,,,,,default,,,stream,,,,,,1741045927859,,,,,,,KOMORA,,,JJmij8Zf0FWxxx6inWOhvzOkeLV4KI$0$stream$KOMORA$0,OXQFb2vZVmtdrPV18Tym,2025-03-03T23:52:07.859Z
,,19.2,1.012,,,,,,default,,,stream,,,,,,1741042328482,,,,,,,KOMORA,,,JJmij8Zf0FWxxx6inWOhvzOkeLV4KI$0$stream$KOMORA$0,TwOhFtSeEnCxIQLFRKuJ,2025-03-03T22:52:08.482Z
,,19.3,1.012,,,,,,default,,,stream,,,,,,1741038727094,,,,,,,KOMORA,,,JJmij8Zf0FWxxx6inWOhvzOkeLV4KI$0$stream$KOMORA$0,NPCZAGqRPUSM3YUKHsg5,2025-03-03T21:52:07.094Z
,,18.7,1.012,,,,,,default,,,stream,,,,,,1741035126952,,,,,,,KOMORA,,,JJmij8Zf0FWxxx6inWOhvzOkeLV4KI$0$stream$KOMORA$0,rN6qaD7LytZs1X6vmH5P,2025-03-03T20:52:06.952Z
,,18.7,1.012,,,,,,default,,,stream,,,,,,1741031527833,,,,,,,KOMORA,,,JJmij8Zf0FWxxx6inWOhvzOkeLV4KI$0$stream$KOMORA$0,cR7IslRn9QaAQ6WoVMF3,2025-03-03T19:52:07.833Z
,,19,1.012,,,,,,default,,,stream,,,,,,1741027927117,,,,,,,KOMORA,,,JJmij8Zf0FWxxx6inWOhvzOkeLV4KI$0$stream$KOMORA$0,agFAATfowDgObQqJ02Bp,2025-03-03T18:52:07.117Z
,,19,1.012,,,,,,default,,,stream,,,,,,1741024325656,,,,,,,KOMORA,,,JJmij8Zf0FWxxx6inWOhvzOkeLV4KI$0$stream$KOMORA$0,kjTr0qKyiQ5joOrlSms2,2025-03-03T17:52:05.656Z
,,19.2,1.012,,,,,,default,,,stream,,,,,,1741020724552,,,,,,,KOMORA,,,JJmij8Zf0FWxxx6inWOhvzOkeLV4KI$0$stream$KOMORA$0,nzx5b3KFBFHmlYffqABm,2025-03-03T16:52:04.552Z
,,19.2,1.013,,,,,,default,,,stream,,,,,,1741017124525,,,,,,,KOMORA,,,JJmij8Zf0FWxxx6inWOhvzOkeLV4KI$0$stream$KOMORA$0,WbVfytf2aJi3zGoLLxfs,2025-03-03T15:52:04.525Z
,,19.3,1.013,,,,,,default,,,stream,,,,,,1741013523776,,,,,,,KOMORA,,,JJmij8Zf0FWxxx6inWOhvzOkeLV4KI$0$stream$KOMORA$0,wzUtJSG9w408PFgGbetF,2025-03-03T14:52:03.776Z
,,19.3,1.013,,,,,,default,,,stream,,,,,,1741009927966,,,,,,,KOMORA,,,JJmij8Zf0FWxxx6inWOhvzOkeLV4KI$0$stream$KOMORA$0,h3D2JAXHVlLAycn7b94D,2025-03-03T13:52:07.966Z
,,19.3,1.013,,,,,,default,,,stream,,,,,,1741006327943,,,,,,,KOMORA,,,JJmij8Zf0FWxxx6inWOhvzOkeLV4KI$0$stream$KOMORA$0,WmaCfriCsgtzPsIS7EIr,2025-03-03T12:52:07.943Z
,,18.8,1.014,,,,,,default,,,stream,,,,,,1741002727509,,,,,,,KOMORA,,,JJmij8Zf0FWxxx6inWOhvzOkeLV4KI$0$stream$KOMORA$0,nME10b6LEmuEGqArpOfg,2025-03-03T11:52:07.509Z
,,19.3,1.013,,,,,,default,,,stream,,,,,,1740999127345,,,,,,,KOMORA,,,JJmij8Zf0FWxxx6inWOhvzOkeLV4KI$0$stream$KOMORA$0,TxR7FbrHE65pfk2qDGxn,2025-03-03T10:52:07.345Z
,,19,1.014,,,,,,default,,,stream,,,,,,1740995526695,,,,,,,KOMORA,,,JJmij8Zf0FWxxx6inWOhvzOkeLV4KI$0$stream$KOMORA$0,ovDGicCYRZcZbyc1IJ7I,2025-03-03T09:52:06.695Z
,,19.2,1.014,,,,,,default,,,stream,,,,,,1740991924015,,,,,,,KOMORA,,,JJmij8Zf0FWxxx6inWOhvzOkeLV4KI$0$stream$KOMORA$0,XJuLLG9O7XgXRnpPYmUQ,2025-03-03T08:52:04.015Z
,,19.3,1.014,,,,,,default,,,stream,,,,,,1740988323748,,,,,,,KOMORA,,,JJmij8Zf0FWxxx6inWOhvzOkeLV4KI$0$stream$KOMORA$0,LQgbnmoWmS4vhQOJMquk,2025-03-03T07:52:03.748Z
,,18.7,1.015,,,,,,default,,,stream,,,,,,1740984722978,,,,,,,KOMORA,,,JJmij8Zf0FWxxx6inWOhvzOkeLV4KI$0$stream$KOMORA$0,Ss8AEe1bdSuFknNfKX7h,2025-03-03T06:52:02.978Z
,,18.7,1.015,,,,,,default,,,stream,,,,,,1740981123101,,,,,,,KOMORA,,,JJmij8Zf0FWxxx6inWOhvzOkeLV4KI$0$stream$KOMORA$0,PsbxY6mKI0QZStDv1WAK,2025-03-03T05:52:03.101Z
,,19,1.015,,,,,,default,,,stream,,,,,,1740977522944,,,,,,,KOMORA,,,JJmij8Zf0FWxxx6inWOhvzOkeLV4KI$0$stream$KOMORA$0,reI1jvhBI7cUz71nvuoJ,2025-03-03T04:52:02.944Z
,,19.1,1.016,,,,,,default,,,stream,,,,,,1740973922590,,,,,,,KOMORA,,,JJmij8Zf0FWxxx6inWOhvzOkeLV4KI$0$stream$KOMORA$0,RUVgVEVUu5FCfzULdayJ,2025-03-03T03:52:02.590Z
,,19.2,1.016,,,,,,default,,,stream,,,,,,1740970322638,,,,,,,KOMORA,,,JJmij8Zf0FWxxx6inWOhvzOkeLV4KI$0$stream$KOMORA$0,KgfUmgvQmAfeSCld5ejj,2025-03-03T02:52:02.638Z
,,19.3,1.017,,,,,,default,,,stream,,,,,,1740966728202,,,,,,,KOMORA,,,JJmij8Zf0FWxxx6inWOhvzOkeLV4KI$0$stream$KOMORA$0,g0OegsrkI4gKzn1jnMfe,2025-03-03T01:52:08.202Z
,,18.9,1.017,,,,,,default,,,stream,,,,,,1740963124380,,,,,,,KOMORA,,,JJmij8Zf0FWxxx6inWOhvzOkeLV4KI$0$stream$KOMORA$0,KUMxih3NrtJ7sGLSU5bj,2025-03-03T00:52:04.380Z
,,19,1.018,,,,,,default,,,stream,,,,,,1740959522237,,,,,,,KOMORA,,,JJmij8Zf0FWxxx6inWOhvzOkeLV4KI$0$stream$KOMORA$0,SIORLGQHH5g9prIgsuaP,2025-03-02T23:52:02.237Z
,,18.9,1.019,,,,,,default,,,stream,,,,,,1740955922273,,,,,,,KOMORA,,,JJmij8Zf0FWxxx6inWOhvzOkeLV4KI$0$stream$KOMORA$0,XJSRNL6TrYd7aQgbLyid,2025-03-02T22:52:02.273Z
,,18.9,1.02,,,,,,default,,,stream,,,,,,1740952321103,,,,,,,KOMORA,,,JJmij8Zf0FWxxx6inWOhvzOkeLV4KI$0$stream$KOMORA$0,PcilgUKfnTilbVcgB6Ye,2025-03-02T21:52:01.103Z
,,18.7,1.02,,,,,,default,,,stream,,,,,,1740948721096,,,,,,,KOMORA,,,JJmij8Zf0FWxxx6inWOhvzOkeLV4KI$0$stream$KOMORA$0,oRXu7LBFdirCv2wQ6qxA,2025-03-02T20:52:01.096Z
,,18.7,1.021,,,,,,default,,,stream,,,,,,1740945123314,,,,,,,KOMORA,,,JJmij8Zf0FWxxx6inWOhvzOkeLV4KI$0$stream$KOMORA$0,bbgq4DWTiwEHkM96UDsP,2025-03-02T19:52:03.314Z
,,19.3,1.022,,,,,,default,,,stream,,,,,,1740941522408,,,,,,,KOMORA,,,JJmij8Zf0FWxxx6inWOhvzOkeLV4KI$0$stream$KOMORA$0,1Dq7OrqHtvTsWHDUCO14,2025-03-02T18:52:02.408Z
,,19.3,1.023,,,,,,default,,,stream,,,,,,1740937921672,,,,,,,KOMORA,,,JJmij8Zf0FWxxx6inWOhvzOkeLV4KI$0$stream$KOMORA$0,v7vasM6oo7arUE4erO8Q,2025-03-02T17:52:01.672Z
,,18.9,1.024,,,,,,default,,,stream,,,,,,1740934321212,,,,,,,KOMORA,,,JJmij8Zf0FWxxx6inWOhvzOkeLV4KI$0$stream$KOMORA$0,RtT35nViDsNiEaK9o3AL,2025-03-02T16:52:01.212Z
,,18.9,1.025,,,,,,default,,,stream,,,,,,1740930721182,,,,,,,KOMORA,,,JJmij8Zf0FWxxx6inWOhvzOkeLV4KI$0$stream$KOMORA$0,tLiTMdsNZbAqIbob3MHF,2025-03-02T15:52:01.182Z
,,18.7,1.026,,,,,,default,,,stream,,,,,,1740927120507,,,,,,,KOMORA,,,JJmij8Zf0FWxxx6inWOhvzOkeLV4KI$0$stream$KOMORA$0,JunOKgEZR6Z1iTKt56KH,2025-03-02T14:52:00.507Z
,,19.3,1.027,,,,,,default,,,stream,,,,,,1740923523772,,,,,,,KOMORA,,,JJmij8Zf0FWxxx6inWOhvzOkeLV4KI$0$stream$KOMORA$0,wHgEIOyBRu75Y5aaapFR,2025-03-02T13:52:03.772Z
,,18.8,1.028,,,,,,default,,,stream,,,,,,1740919923226,,,,,,,KOMORA,,,JJmij8Zf0FWxxx6inWOhvzOkeLV4KI$0$stream$KOMORA$0,KBhwBokmmv92FtZch7Ap,2025-03-02T12:52:03.226Z
,,18.9,1.029,,,,,,default,,,stream,,,,,,1740916322821,,,,,,,KOMORA,,,JJmij8Zf0FWxxx6inWOhvzOkeLV4KI$0$stream$KOMORA$0,ay2jYNXSRAjW1YapCjh0,2025-03-02T11:52:02.821Z
,,18.8,1.03,,,,,,default,,,stream,,,,,,1740912723181,,,,,,,KOMORA,,,JJmij8Zf0FWxxx6inWOhvzOkeLV4KI$0$stream$KOMORA$0,Um2Qh0F4eUcWiVgHXqRe,2025-03-02T10:52:03.181Z
,,18.8,1.031,,,,,,default,,,stream,,,,,,1740909121432,,,,,,,KOMORA,,,JJmij8Zf0FWxxx6inWOhvzOkeLV4KI$0$stream$KOMORA$0,2l0sGnatZeyihwxwybMx,2025-03-02T09:52:01.432Z
,,18.8,1.032,,,,,,default,,,stream,,,,,,1740905521031,,,,,,,KOMORA,,,JJmij8Zf0FWxxx6inWOhvzOkeLV4KI$0$stream$KOMORA$0,zg3t9cUFfYfB52K5XlHB,2025-03-02T08:52:01.031Z
,,18.7,1.033,,,,,,default,,,stream,,,,,,1740901920390,,,,,,,KOMORA,,,JJmij8Zf0FWxxx6inWOhvzOkeLV4KI$0$stream$KOMORA$0,E9mvPx6o2gpinRRf4zvp,2025-03-02T07:52:00.390Z
,,18.8,1.033,,,,,,default,,,stream,,,,,,1740898320017,,,,,,,KOMORA,,,JJmij8Zf0FWxxx6inWOhvzOkeLV4KI$0$stream$KOMORA$0,GakjON4L4w5BshfrOmll,2025-03-02T06:52:00.017Z
,,19.4,1.035,,,,,,default,,,stream,,,,,,1740894720099,,,,,,,KOMORA,,,JJmij8Zf0FWxxx6inWOhvzOkeLV4KI$0$stream$KOMORA$0,N6FAV3ep6RrAyhKjsIZ2,2025-03-02T05:52:00.099Z
,,19.3,1.035,,,,,,default,,,stream,,,,,,1740891119499,,,,,,,KOMORA,,,JJmij8Zf0FWxxx6inWOhvzOkeLV4KI$0$stream$KOMORA$0,tDglZtsZMq6vcUunTEpZ,2025-03-02T04:51:59.499Z
,,19.3,1.036,,,,,,default,,,stream,,,,,,1740887519799,,,,,,,KOMORA,,,JJmij8Zf0FWxxx6inWOhvzOkeLV4KI$0$stream$KOMORA$0,j7aUA9mggtuS5phcCucc,2025-03-02T03:51:59.799Z
,,19.2,1.038,,,,,,default,,,stream,,,,,,1740883919454,,,,,,,KOMORA,,,JJmij8Zf0FWxxx6inWOhvzOkeLV4KI$0$stream$KOMORA$0,vZnlVGDrug3izjGQ5vXh,2025-03-02T02:51:59.454Z
,,19.3,1.039,,,,,,default,,,stream,,,,,,1740880317351,,,,,,,KOMORA,,,JJmij8Zf0FWxxx6inWOhvzOkeLV4KI$0$stream$KOMORA$0,qiG2uXcLHsjuxs5mDC11,2025-03-02T01:51:57.351Z
,,19.2,1.04,,,,,,default,,,stream,,,,,,1740876716958,,,,,,,KOMORA,,,JJmij8Zf0FWxxx6inWOhvzOkeLV4KI$0$stream$KOMORA$0,QiZbscNF6PBPuHprP5UY,2025-03-02T00:51:56.958Z
,,19.2,1.04,,,,,,default,,,stream,,,,,,1740873121316,,,,,,,KOMORA,,,JJmij8Zf0FWxxx6inWOhvzOkeLV4KI$0$stream$KOMORA$0,42Pa13jHw5PqnxHrmYm2,2025-03-01T23:52:01.316Z
,,19.2,1.041,,,,,,default,,,stream,,,,,,1740869518682,,,,,,,KOMORA,,,JJmij8Zf0FWxxx6inWOhvzOkeLV4KI$0$stream$KOMORA$0,GHRdM43fPncCdXw6eDs5,2025-03-01T22:51:58.682Z
,,19.3,1.041,,,,,,default,,,stream,,,,,,1740865918762,,,,,,,KOMORA,,,JJmij8Zf0FWxxx6inWOhvzOkeLV4KI$0$stream$KOMORA$0,1NSDn8aqBMpOPmWQOscq,2025-03-01T21:51:58.762Z
,,19.3,1.042,,,,,,default,,,stream,,,,,,1740862318747,,,,,,,KOMORA,,,JJmij8Zf0FWxxx6inWOhvzOkeLV4KI$0$stream$KOMORA$0,MTuJfYT704N6WCZuntQV,2025-03-01T20:51:58.747Z
,,19.2,1.043,,,,,,default,,,stream,,,,,,1740858718401,,,,,,,KOMORA,,,JJmij8Zf0FWxxx6inWOhvzOkeLV4KI$0$stream$KOMORA$0,RyhEKUTm9RgQaSuGmHsE,2025-03-01T19:51:58.401Z
,,18.7,1.044,,,,,,default,,,stream,,,,,,1740855118116,,,,,,,KOMORA,,,JJmij8Zf0FWxxx6inWOhvzOkeLV4KI$0$stream$KOMORA$0,2dfQGqJq1cVlclXkoTZM,2025-03-01T18:51:58.116Z
,,18.8,1.044,,,,,,default,,,stream,,,,,,1740851517651,,,,,,,KOMORA,,,JJmij8Zf0FWxxx6inWOhvzOkeLV4KI$0$stream$KOMORA$0,TdQ40ObkGObKX2KxjpgT,2025-03-01T17:51:57.651Z
,,19.3,1.044,,,,,,default,,,stream,,,,,,1740847917653,,,,,,,KOMORA,,,JJmij8Zf0FWxxx6inWOhvzOkeLV4KI$0$stream$KOMORA$0,Szo5BNUliHcnW9LAgLn2,2025-03-01T16:51:57.653Z
,,19.1,1.044,,,,,,default,,,stream,,,,,,1740844317194,,,,,,,KOMORA,,,JJmij8Zf0FWxxx6inWOhvzOkeLV4KI$0$stream$KOMORA$0,fDRYYcv3tmOXf4WRZcqB,2025-03-01T15:51:57.194Z
,,19.2,1.044,,,,,,default,,,stream,,,,,,1740840716670,,,,,,,KOMORA,,,JJmij8Zf0FWxxx6inWOhvzOkeLV4KI$0$stream$KOMORA$0,FZQh93AnVe62po2EoSPQ,2025-03-01T14:51:56.670Z
,,19.3,1.044,,,,,,default,,,stream,,,,,,1740837120216,,,,,,,KOMORA,,,JJmij8Zf0FWxxx6inWOhvzOkeLV4KI$0$stream$KOMORA$0,kQjpjHxnTmBDoJIWUi5z,2025-03-01T13:52:00.216Z
,,18.8,1.044,,,,,,default,,,stream,,,,,,1740833519578,,,,,,,KOMORA,,,JJmij8Zf0FWxxx6inWOhvzOkeLV4KI$0$stream$KOMORA$0,30ZvJiHaERAJGxfkjG8G,2025-03-01T12:51:59.578Z
,,18.8,1.045,,,,,,default,,,stream,,,,,,1740829919085,,,,,,,KOMORA,,,JJmij8Zf0FWxxx6inWOhvzOkeLV4KI$0$stream$KOMORA$0,5CXujy0A8ztWhH4F0Jei,2025-03-01T11:51:59.085Z
,,19.3,1.045,,,,,,default,,,stream,,,,,,1740826318560,,,,,,,KOMORA,,,JJmij8Zf0FWxxx6inWOhvzOkeLV4KI$0$stream$KOMORA$0,Av15iVkAfnZZoEH6xWnx,2025-03-01T10:51:58.560Z
,,19,1.045,,,,,,default,,,stream,,,,,,1740822718005,,,,,,,KOMORA,,,JJmij8Zf0FWxxx6inWOhvzOkeLV4KI$0$stream$KOMORA$0,ZCfix9mgLckfq7NKmLKO,2025-03-01T09:51:58.005Z
,,19.2,1.045,,,,,,default,,,stream,,,,,,1740819117059,,,,,,,KOMORA,,,JJmij8Zf0FWxxx6inWOhvzOkeLV4KI$0$stream$KOMORA$0,XwG0Oi6KjgID211cfxGR,2025-03-01T08:51:57.059Z
,,19.4,1.045,,,,,,default,,,stream,,,,,,1740815517070,,,,,,,KOMORA,,,JJmij8Zf0FWxxx6inWOhvzOkeLV4KI$0$stream$KOMORA$0,L4r5xdTreh2E5yP17Btc,2025-03-01T07:51:57.070Z
,,18.7,1.045,,,,,,default,,,stream,,,,,,1740811916457,,,,,,,KOMORA,,,JJmij8Zf0FWxxx6inWOhvzOkeLV4KI$0$stream$KOMORA$0,8oNELexe3IrlxLloH63s,2025-03-01T06:51:56.457Z
,,19.3,1.045,,,,,,default,,,stream,,,,,,1740808316081,,,,,,,KOMORA,,,JJmij8Zf0FWxxx6inWOhvzOkeLV4KI$0$stream$KOMORA$0,EVEdcK8rVeruLFErunYR,2025-03-01T05:51:56.081Z
,,19.1,1.045,,,,,,default,,,stream,,,,,,1740804714999,,,,,,,KOMORA,,,JJmij8Zf0FWxxx6inWOhvzOkeLV4KI$0$stream$KOMORA$0,US2GWUOb79kDcBxpoJ63,2025-03-01T04:51:54.999Z
,,19.3,1.045,,,,,,default,,,stream,,,,,,1740801114987,,,,,,,KOMORA,,,JJmij8Zf0FWxxx6inWOhvzOkeLV4KI$0$stream$KOMORA$0,WbqwxO9CbTNgGcKRGwHO,2025-03-01T03:51:54.987Z
,,18.7,1.045,,,,,,default,,,stream,,,,,,1740797515003,,,,,,,KOMORA,,,JJmij8Zf0FWxxx6inWOhvzOkeLV4KI$0$stream$KOMORA$0,ecnVDoTh6kEBkydsAyTy,2025-03-01T02:51:55.003Z
,,19.3,1.045,,,,,,default,,,stream,,,,,,1740793915455,,,,,,,KOMORA,,,JJmij8Zf0FWxxx6inWOhvzOkeLV4KI$0$stream$KOMORA$0,NohgYMlMUnp6PnQs0kOb,2025-03-01T01:51:55.455Z
,,19,1.045,,,,,,default,,,stream,,,,,,1740790315417,,,,,,,KOMORA,,,JJmij8Zf0FWxxx6inWOhvzOkeLV4KI$0$stream$KOMORA$0,ng2nFCR0MxxvSwlFdhV7,2025-03-01T00:51:55.417Z
,,19.2,1.045,,,,,,default,,,stream,,,,,,1740786714918,,,,,,,KOMORA,,,JJmij8Zf0FWxxx6inWOhvzOkeLV4KI$0$stream$KOMORA$0,2SEI65ZbxaSA0cZQpNuA,2025-02-28T23:51:54.918Z
,,18.7,1.045,,,,,,default,,,stream,,,,,,1740783115496,,,,,,,KOMORA,,,JJmij8Zf0FWxxx6inWOhvzOkeLV4KI$0$stream$KOMORA$0,WYvlNs8bLbBJUK8BuNIh,2025-02-28T22:51:55.496Z
,,19.4,1.045,,,,,,default,,,stream,,,,,,1740779514880,,,,,,,KOMORA,,,JJmij8Zf0FWxxx6inWOhvzOkeLV4KI$0$stream$KOMORA$0,mKXEQmPktQCxNOyK6CWp,2025-02-28T21:51:54.880Z
,,19,1.045,,,,,,default,,,stream,,,,,,1740775914374,,,,,,,KOMORA,,,JJmij8Zf0FWxxx6inWOhvzOkeLV4KI$0$stream$KOMORA$0,0PFKuwzGIP8YX2ImGP5y,2025-02-28T20:51:54.374Z
,,19.1,1.045,,,,,,default,,,stream,,,,,,1740772314360,,,,,,,KOMORA,,,JJmij8Zf0FWxxx6inWOhvzOkeLV4KI$0$stream$KOMORA$0,8uILM7OZxwHhGHLNuQYo,2025-02-28T19:51:54.360Z
,,20.2,1.045,,,,,,default,,,stream,,,,,,1740768713794,,,,,,,KOMORA,,,JJmij8Zf0FWxxx6inWOhvzOkeLV4KI$0$stream$KOMORA$0,ug6UgYcGimOW0MO8epse,2025-02-28T18:51:53.794Z
,,20.4,1.045,,,,,,default,,,stream,,,,,,1740767816881,,,,,,,KOMORA,,,JJmij8Zf0FWxxx6inWOhvzOkeLV4KI$0$stream$KOMORA$0,ffyWUT6Bl1eD9p2jqcjx,2025-02-28T18:36:56.881Z
,,20.7,1.045,,,,,,default,,,stream,,,,,,1740766916485,,,,,,,KOMORA,,,JJmij8Zf0FWxxx6inWOhvzOkeLV4KI$0$stream$KOMORA$0,odE40AVlFixqsDBOQpz7,2025-02-28T18:21:56.485Z
,,21,1.045,,,,,,default,,,stream,,,,,,1740766015764,,,,,,,KOMORA,,,JJmij8Zf0FWxxx6inWOhvzOkeLV4KI$0$stream$KOMORA$0,DqoKubfd5r0OranANAaZ,2025-02-28T18:06:55.764Z
,,21.4,1.045,,,,,,default,,,stream,,,,,,1740765115706,,,,,,,KOMORA,,,JJmij8Zf0FWxxx6inWOhvzOkeLV4KI$0$stream$KOMORA$0,FDV1O1rpGkFjwvmPSVC3,2025-02-28T17:51:55.706Z
,,21.6,1.045,,,,,,default,,,stream,,,,,,1740764215898,,,,,,,KOMORA,,,JJmij8Zf0FWxxx6inWOhvzOkeLV4KI$0$stream$KOMORA$0,rZqgyZ75uMiRmuseuhTe,2025-02-28T17:36:55.898Z
,,22.2,1.045,,,,,,default,,,stream,,,,,,1740763315801,,,,,,,KOMORA,,,JJmij8Zf0FWxxx6inWOhvzOkeLV4KI$0$stream$KOMORA$0,HObrxPWAO9RoqvIdaEtb,2025-02-28T17:21:55.801Z
,,22.6,1.045,,,,,,default,,,stream,,,,,,1740762416284,,,,,,,KOMORA,,,JJmij8Zf0FWxxx6inWOhvzOkeLV4KI$0$stream$KOMORA$0,GjU3IOJbEbD6k9fMwgKf,2025-02-28T17:06:56.284Z